Record Type,Skip ID,Appearance ID,Session ID,Wikisurvey ID,Left Choice ID,Left Choice Text,Right Choice ID,Right Choice Text,Prompt ID,Reason,Created at,Updated at,Response Time (s),Missing Response Time Explanation,Valid,Hashed IP Address,URL Alias,User Agent,Referrer,Widget,Info
Bounce,NA,46448712,6143731,19605,1148198,"R1.2 - Medición realista, objetiva y universal del nivel de pobreza, guiada por <em>Big Data</em>",1148197,R1.1 - Gobernanza basada en <em>blockchain</em> para toma de decisiones transparente ante la pobreza,43053917,NA,2020-10-26 15:52:10 UTC,2020-10-26 15:52:10 UTC,NA,"",TRUE,a2707e31d6e7862d49313975dff1b17f,ODS1,"Mozilla/5.0 (Macintosh; Intel Mac OS X 10_12_6) AppleWebKit/605.1.15 (KHTML, like Gecko) Version/12.1.1 Safari/605.1.15",REFERRER_NOT_FOUND,FALSE,NA
Bounce,NA,46448873,6143754,19605,1148197,R1.1 - Gobernanza basada en <em>blockchain</em> para toma de decisiones transparente ante la pobreza,1148199,R1.3 - Automatización comprometida con la seguridad económica del trabajador y amparada por educación e innovación,43053920,NA,2020-10-26 16:15:33 UTC,2020-10-26 16:15:33 UTC,NA,"",TRUE,a2707e31d6e7862d49313975dff1b17f,ODS1,"Mozilla/5.0 (Macintosh; Intel Mac OS X 10_12_6) AppleWebKit/605.1.15 (KHTML, like Gecko) Version/12.1.1 Safari/605.1.15",REFERRER_NOT_FOUND,FALSE,NA
Bounce,NA,46453596,6144347,19605,1148198,"R1.2 - Medición realista, objetiva y universal del nivel de pobreza, guiada por <em>Big Data</em>",1148199,R1.3 - Automatización comprometida con la seguridad económica del trabajador y amparada por educación e innovación,43053918,NA,2020-10-27 14:16:27 UTC,2020-10-27 14:16:27 UTC,NA,"",TRUE,86d86ee1f544a9cd5a6ce3a8dfe05fa0,ODS1,"Mozilla/5.0 (Macintosh; Intel Mac OS X 10_12_6) AppleWebKit/605.1.15 (KHTML, like Gecko) Version/12.1.1 Safari/605.1.15",REFERRER_NOT_FOUND,FALSE,NA
Bounce,NA,46455434,6144463,19605,1148197,R1.1 - Gobernanza basada en <em>blockchain</em> para toma de decisiones transparente ante la pobreza,1148199,R1.3 - Automatización comprometida con la seguridad económica del trabajador y amparada por educación e innovación,43053920,NA,2020-10-27 16:33:55 UTC,2020-10-27 16:33:55 UTC,NA,"",TRUE,86d86ee1f544a9cd5a6ce3a8dfe05fa0,ODS1,"Mozilla/5.0 (Macintosh; Intel Mac OS X 10_12_6) AppleWebKit/605.1.15 (KHTML, like Gecko) Version/12.1.1 Safari/605.1.15",REFERRER_NOT_FOUND,FALSE,NA
Bounce,NA,46481927,6146886,19605,1148197,R1.1 - Gobernanza basada en <em>blockchain</em> para toma de decisiones transparente ante la pobreza,1148198,"R1.2 - Medición realista, objetiva y universal del nivel de pobreza, guiada por <em>Big Data</em>",43053921,NA,2020-10-28 14:43:00 UTC,2020-10-28 14:43:00 UTC,NA,"",TRUE,aaba10a91c297785650671ebe89f4d73,ODS1,"Mozilla/5.0 (Macintosh; Intel Mac OS X 10_13_6) AppleWebKit/605.1.15 (KHTML, like Gecko) Version/13.1.2 Safari/605.1.15",REFERRER_NOT_FOUND,FALSE,NA
Bounce,NA,46500747,6149410,19605,1148199,R1.3 - Automatización comprometida con la seguridad económica del trabajador y amparada por educación e innovación,1148197,R1.1 - Gobernanza basada en <em>blockchain</em> para toma de decisiones transparente ante la pobreza,43053919,NA,2020-10-31 14:15:13 UTC,2020-10-31 14:15:13 UTC,NA,"",TRUE,e9059123c3c42af3ad263500c15927eb,ODS1,"Mozilla/5.0 (Macintosh; Intel Mac OS X 10_12_6) AppleWebKit/603.3.8 (KHTML, like Gecko) Version/12.1.1 Safari/605.1.15",REFERRER_NOT_FOUND,FALSE,NA
Bounce,NA,46567095,6157452,19605,1148199,R1.3 - Automatización comprometida con la seguridad económica del trabajador y amparada por educación e innovación,1148198,"R1.2 - Medición realista, objetiva y universal del nivel de pobreza, guiada por <em>Big Data</em>",43053922,NA,2020-11-10 20:16:37 UTC,2020-11-10 20:16:37 UTC,NA,"",TRUE,b53150a67d3ff4c1134ab165d3d5ac09,ODS1,"Mozilla/5.0 (Windows NT 10.0; Win64; x64) AppleWebKit/537.36 (KHTML, like Gecko) Chrome/86.0.4240.183 Safari/537.36",REFERRER_NOT_FOUND,FALSE,NA
Bounce,NA,46714410,6166095,19605,1148198,"R1.2 - Medición realista, objetiva y universal del nivel de pobreza, guiada por <em>Big Data</em>",1148197,R1.1 - Gobernanza basada en <em>blockchain</em> para toma de decisiones transparente ante la pobreza,43053917,NA,2020-11-18 12:31:11 UTC,2020-11-18 12:31:11 UTC,NA,"",TRUE,7084ee0dcbfaf0260c30d79615836a52,ODS1,"Mozilla/5.0 (Macintosh; Intel Mac OS X 10_11_6) AppleWebKit/537.36 (KHTML, like Gecko) Chrome/86.0.4240.198 Safari/537.36",REFERRER_NOT_FOUND,FALSE,NA
Bounce,NA,46864403,6172877,19605,1148197,R1.1 - Gobernanza basada en <em>blockchain</em> para toma de decisiones transparente ante la pobreza,1148198,"R1.2 - Medición realista, objetiva y universal del nivel de pobreza, guiada por <em>Big Data</em>",43053921,NA,2020-11-21 18:49:50 UTC,2020-11-21 18:49:50 UTC,NA,"",TRUE,da8c3f8efa48edbfb43d2dd3e2d8cbdc,ODS1,"Mozilla/5.0 (Windows NT 10.0; Win64; x64) AppleWebKit/537.36 (KHTML, like Gecko) Chrome/86.0.4240.198 Safari/537.36",REFERRER_NOT_FOUND,FALSE,NA
Bounce,NA,46865123,6172906,19605,1148198,"R1.2 - Medición realista, objetiva y universal del nivel de pobreza, guiada por <em>Big Data</em>",1148197,R1.1 - Gobernanza basada en <em>blockchain</em> para toma de decisiones transparente ante la pobreza,43053917,NA,2020-11-21 20:52:45 UTC,2020-11-21 20:52:45 UTC,NA,"",TRUE,da8c3f8efa48edbfb43d2dd3e2d8cbdc,ODS1,"Mozilla/5.0 (Windows NT 10.0; Win64; x64) AppleWebKit/537.36 (KHTML, like Gecko) Chrome/86.0.4240.198 Safari/537.36",REFERRER_NOT_FOUND,FALSE,NA
Stopped_Voting_Or_Skipping,NA,46879542,6174240,19605,1148198,"R1.2 - Medición realista, objetiva y universal del nivel de pobreza, guiada por <em>Big Data</em>",1148199,R1.3 - Automatización comprometida con la seguridad económica del trabajador y amparada por educación e innovación,43053918,NA,2020-11-24 11:19:50 UTC,2020-11-24 11:19:50 UTC,NA,"",TRUE,d86d842f3bcd9c17daccc0358b00e5ed,ODS1,"Mozilla/5.0 (Windows NT 10.0; Win64; x64) AppleWebKit/537.36 (KHTML, like Gecko) Chrome/87.0.4280.66 Safari/537.36",DIRECT_VISIT,FALSE,NA
Bounce,NA,46879825,6174347,19605,1148198,"R1.2 - Medición realista, objetiva y universal del nivel de pobreza, guiada por <em>Big Data</em>",1148199,R1.3 - Automatización comprometida con la seguridad económica del trabajador y amparada por educación e innovación,43053918,NA,2020-11-24 14:44:46 UTC,2020-11-24 14:44:46 UTC,NA,"",TRUE,edffb1674ed4e49cc2c204f8c1ec1192,ODS1,"Mozilla/5.0 (Macintosh; Intel Mac OS X 10_13_6) AppleWebKit/537.36 (KHTML, like Gecko) Chrome/86.0.4240.198 Safari/537.36",REFERRER_NOT_FOUND,FALSE,NA
Stopped_Voting_Or_Skipping,NA,46879985,6174382,19605,1148197,R1.1 - Gobernanza basada en <em>blockchain</em> para toma de decisiones transparente ante la pobreza,1148199,R1.3 - Automatización comprometida con la seguridad económica del trabajador y amparada por educación e innovación,43053920,NA,2020-11-24 15:34:13 UTC,2020-11-24 15:34:13 UTC,NA,"",TRUE,5da7c5ad07439aa447562ec6ac7b83ee,ODS1,Mozilla/5.0 (X11; Ubuntu; Linux x86_64; rv:83.0) Gecko/20100101 Firefox/83.0,DIRECT_VISIT,FALSE,NA
Bounce,NA,46880621,6174467,19605,1148197,R1.1 - Gobernanza basada en <em>blockchain</em> para toma de decisiones transparente ante la pobreza,1148198,"R1.2 - Medición realista, objetiva y universal del nivel de pobreza, guiada por <em>Big Data</em>",43053921,NA,2020-11-24 17:55:59 UTC,2020-11-24 17:55:59 UTC,NA,"",TRUE,3cb924a9e9e36359bc8cbd8293791380,ODS1,"Mozilla/5.0 (X11; Linux x86_64) AppleWebKit/537.36 (KHTML, like Gecko) Chrome/85.0.4183.83 Safari/537.36",REFERRER_NOT_FOUND,FALSE,NA
Stopped_Voting_Or_Skipping,NA,46888357,6175436,19605,1148199,R1.3 - Automatización comprometida con la seguridad económica del trabajador y amparada por educación e innovación,1148198,"R1.2 - Medición realista, objetiva y universal del nivel de pobreza, guiada por <em>Big Data</em>",43053922,NA,2020-11-25 10:06:47 UTC,2020-11-25 10:06:47 UTC,NA,"",TRUE,65f0f326c3a83faf04400a531e6d3a1f,ODS1,"Mozilla/5.0 (Macintosh; Intel Mac OS X 10_12_6) AppleWebKit/605.1.15 (KHTML, like Gecko) Version/11.1 Safari/605.1.15",http://allourideas.org/ODS1?locale=es,FALSE,NA
Stopped_Voting_Or_Skipping,NA,46888582,6175491,19605,1148197,R1.1 - Gobernanza basada en <em>blockchain</em> para toma de decisiones transparente ante la pobreza,1148198,"R1.2 - Medición realista, objetiva y universal del nivel de pobreza, guiada por <em>Big Data</em>",43053921,NA,2020-11-25 12:07:22 UTC,2020-11-25 12:07:22 UTC,NA,"",TRUE,009b9672ada9bdc89de5cbf6f7f349f0,ODS1,"Mozilla/5.0 (Linux; Android 10; Redmi Note 9 Pro) AppleWebKit/537.36 (KHTML, like Gecko) Chrome/87.0.4280.66 Mobile Safari/537.36",DIRECT_VISIT,FALSE,NA
Skip,2587558,46900122,6176255,19605,1148198,"R1.2 - Medición realista, objetiva y universal del nivel de pobreza, guiada por <em>Big Data</em>",1148199,R1.3 - Automatización comprometida con la seguridad económica del trabajador y amparada por educación e innovación,43053918,dont_know_right,2020-11-25 19:29:07 UTC,2020-11-25 19:29:07 UTC,86.379,"",TRUE,c5caf7f6ea149a38d8eaa318942af84d,ODS1,"Mozilla/5.0 (Macintosh; Intel Mac OS X 10_14_6) AppleWebKit/537.36 (KHTML, like Gecko) Chrome/87.0.4280.67 Safari/537.36",DIRECT_VISIT,FALSE,NA
Skip,2587559,46900167,6176255,19605,1148198,"R1.2 - Medición realista, objetiva y universal del nivel de pobreza, guiada por <em>Big Data</em>",1148199,R1.3 - Automatización comprometida con la seguridad económica del trabajador y amparada por educación e innovación,43053918,dont_know_right,2020-11-25 19:29:53 UTC,2020-11-25 19:29:53 UTC,13.775,"",TRUE,c5caf7f6ea149a38d8eaa318942af84d,ODS1,"Mozilla/5.0 (Macintosh; Intel Mac OS X 10_14_6) AppleWebKit/537.36 (KHTML, like Gecko) Chrome/87.0.4280.67 Safari/537.36",DIRECT_VISIT,FALSE,NA
Stopped_Voting_Or_Skipping,NA,46900175,6176255,19605,1148198,"R1.2 - Medición realista, objetiva y universal del nivel de pobreza, guiada por <em>Big Data</em>",1148197,R1.1 - Gobernanza basada en <em>blockchain</em> para toma de decisiones transparente ante la pobreza,43053917,NA,2020-11-25 19:29:53 UTC,2020-11-25 19:29:53 UTC,NA,"",TRUE,c5caf7f6ea149a38d8eaa318942af84d,ODS1,"Mozilla/5.0 (Macintosh; Intel Mac OS X 10_14_6) AppleWebKit/537.36 (KHTML, like Gecko) Chrome/87.0.4280.67 Safari/537.36",DIRECT_VISIT,FALSE,NA
Bounce,NA,46905288,6176977,19605,1148197,R1.1 - Gobernanza basada en <em>blockchain</em> para toma de decisiones transparente ante la pobreza,1148199,R1.3 - Automatización comprometida con la seguridad económica del trabajador y amparada por educación e innovación,43053920,NA,2020-11-26 07:13:29 UTC,2020-11-26 07:13:29 UTC,NA,"",TRUE,48d875dc51814c289ad6ed70a49ab870,ODS1,"Mozilla/5.0 (Windows NT 6.1; Win64; x64) AppleWebKit/537.36 (KHTML, like Gecko) Chrome/87.0.4280.66 Safari/537.36",DIRECT_VISIT,FALSE,NA
Bounce,NA,46905294,6176983,19605,1148197,R1.1 - Gobernanza basada en <em>blockchain</em> para toma de decisiones transparente ante la pobreza,1148199,R1.3 - Automatización comprometida con la seguridad económica del trabajador y amparada por educación e innovación,43053920,NA,2020-11-26 07:27:58 UTC,2020-11-26 07:27:58 UTC,NA,"",TRUE,a7102cee987b82cfcda5fa14ff699349,ODS1,"Mozilla/5.0 (Windows NT 10.0; Win64; x64) AppleWebKit/537.36 (KHTML, like Gecko) Chrome/86.0.4240.198 Safari/537.36",DIRECT_VISIT,FALSE,NA
Bounce,NA,46905600,6177037,19605,1148199,R1.3 - Automatización comprometida con la seguridad económica del trabajador y amparada por educación e innovación,1148197,R1.1 - Gobernanza basada en <em>blockchain</em> para toma de decisiones transparente ante la pobreza,43053919,NA,2020-11-26 09:26:12 UTC,2020-11-26 09:26:12 UTC,NA,"",TRUE,a7102cee987b82cfcda5fa14ff699349,ODS1,"Mozilla/5.0 (Windows NT 10.0; Win64; x64) AppleWebKit/537.36 (KHTML, like Gecko) Chrome/86.0.4240.198 Safari/537.36",DIRECT_VISIT,FALSE,NA
Bounce,NA,46905630,6177045,19605,1148199,R1.3 - Automatización comprometida con la seguridad económica del trabajador y amparada por educación e innovación,1148198,"R1.2 - Medición realista, objetiva y universal del nivel de pobreza, guiada por <em>Big Data</em>",43053922,NA,2020-11-26 09:42:48 UTC,2020-11-26 09:42:48 UTC,NA,"",TRUE,cf6711860e7f5b3790f0b07f9a91dbfc,ODS1,Mozilla/5.0 (TweetmemeBot/4.0; +http://datasift.com/bot.html) Gecko/20100101 Firefox/31.0,REFERRER_NOT_FOUND,FALSE,NA
Bounce,NA,46905646,6177060,19605,1148199,R1.3 - Automatización comprometida con la seguridad económica del trabajador y amparada por educación e innovación,1148197,R1.1 - Gobernanza basada en <em>blockchain</em> para toma de decisiones transparente ante la pobreza,43053919,NA,2020-11-26 09:42:53 UTC,2020-11-26 09:42:53 UTC,NA,"",TRUE,89e5172a8b8bbf1ac056f17c248d6086,ODS1,WordPress/4.8.15; https://medialab.ugr.es,REFERRER_NOT_FOUND,FALSE,NA
Bounce,NA,46905678,6177092,19605,1148199,R1.3 - Automatización comprometida con la seguridad económica del trabajador y amparada por educación e innovación,1148198,"R1.2 - Medición realista, objetiva y universal del nivel de pobreza, guiada por <em>Big Data</em>",43053922,NA,2020-11-26 09:43:16 UTC,2020-11-26 09:43:16 UTC,NA,"",TRUE,89e5172a8b8bbf1ac056f17c248d6086,ODS1,WordPress/4.8.15; https://medialab.ugr.es,REFERRER_NOT_FOUND,FALSE,NA
Bounce,NA,46905695,6177109,19605,1148197,R1.1 - Gobernanza basada en <em>blockchain</em> para toma de decisiones transparente ante la pobreza,1148198,"R1.2 - Medición realista, objetiva y universal del nivel de pobreza, guiada por <em>Big Data</em>",43053921,NA,2020-11-26 09:43:28 UTC,2020-11-26 09:43:28 UTC,NA,"",TRUE,89e5172a8b8bbf1ac056f17c248d6086,ODS1,WordPress/4.8.15; https://medialab.ugr.es,REFERRER_NOT_FOUND,FALSE,NA
Bounce,NA,46905712,6177126,19605,1148198,"R1.2 - Medición realista, objetiva y universal del nivel de pobreza, guiada por <em>Big Data</em>",1148197,R1.1 - Gobernanza basada en <em>blockchain</em> para toma de decisiones transparente ante la pobreza,43053917,NA,2020-11-26 09:43:52 UTC,2020-11-26 09:43:52 UTC,NA,"",TRUE,89e5172a8b8bbf1ac056f17c248d6086,ODS1,WordPress/4.8.15; https://medialab.ugr.es,REFERRER_NOT_FOUND,FALSE,NA
Bounce,NA,46905713,6177127,19605,1148198,"R1.2 - Medición realista, objetiva y universal del nivel de pobreza, guiada por <em>Big Data</em>",1148199,R1.3 - Automatización comprometida con la seguridad económica del trabajador y amparada por educación e innovación,43053918,NA,2020-11-26 09:43:52 UTC,2020-11-26 09:43:52 UTC,NA,"",TRUE,89e5172a8b8bbf1ac056f17c248d6086,ODS1,WordPress/4.8.15; https://medialab.ugr.es,REFERRER_NOT_FOUND,FALSE,NA
Bounce,NA,46905756,6177164,19605,1148197,R1.1 - Gobernanza basada en <em>blockchain</em> para toma de decisiones transparente ante la pobreza,1148198,"R1.2 - Medición realista, objetiva y universal del nivel de pobreza, guiada por <em>Big Data</em>",43053921,NA,2020-11-26 09:50:16 UTC,2020-11-26 09:50:16 UTC,NA,"",TRUE,89e5172a8b8bbf1ac056f17c248d6086,ODS1,WordPress/4.8.15; https://medialab.ugr.es,REFERRER_NOT_FOUND,FALSE,NA
Bounce,NA,46905757,6177165,19605,1148199,R1.3 - Automatización comprometida con la seguridad económica del trabajador y amparada por educación e innovación,1148198,"R1.2 - Medición realista, objetiva y universal del nivel de pobreza, guiada por <em>Big Data</em>",43053922,NA,2020-11-26 09:50:16 UTC,2020-11-26 09:50:16 UTC,NA,"",TRUE,89e5172a8b8bbf1ac056f17c248d6086,ODS1,WordPress/4.8.15; https://medialab.ugr.es,REFERRER_NOT_FOUND,FALSE,NA
Bounce,NA,46905790,6177198,19605,1148197,R1.1 - Gobernanza basada en <em>blockchain</em> para toma de decisiones transparente ante la pobreza,1148198,"R1.2 - Medición realista, objetiva y universal del nivel de pobreza, guiada por <em>Big Data</em>",43053921,NA,2020-11-26 09:50:29 UTC,2020-11-26 09:50:29 UTC,NA,"",TRUE,89e5172a8b8bbf1ac056f17c248d6086,ODS1,WordPress/4.8.15; https://medialab.ugr.es,REFERRER_NOT_FOUND,FALSE,NA
Bounce,NA,46905807,6177215,19605,1148199,R1.3 - Automatización comprometida con la seguridad económica del trabajador y amparada por educación e innovación,1148198,"R1.2 - Medición realista, objetiva y universal del nivel de pobreza, guiada por <em>Big Data</em>",43053922,NA,2020-11-26 09:52:05 UTC,2020-11-26 09:52:05 UTC,NA,"",TRUE,89e5172a8b8bbf1ac056f17c248d6086,ODS1,WordPress/4.8.15; https://medialab.ugr.es,REFERRER_NOT_FOUND,FALSE,NA
Bounce,NA,46905808,6177216,19605,1148198,"R1.2 - Medición realista, objetiva y universal del nivel de pobreza, guiada por <em>Big Data</em>",1148197,R1.1 - Gobernanza basada en <em>blockchain</em> para toma de decisiones transparente ante la pobreza,43053917,NA,2020-11-26 09:52:05 UTC,2020-11-26 09:52:05 UTC,NA,"",TRUE,89e5172a8b8bbf1ac056f17c248d6086,ODS1,WordPress/4.8.15; https://medialab.ugr.es,REFERRER_NOT_FOUND,FALSE,NA
Bounce,NA,46905841,6177249,19605,1148199,R1.3 - Automatización comprometida con la seguridad económica del trabajador y amparada por educación e innovación,1148198,"R1.2 - Medición realista, objetiva y universal del nivel de pobreza, guiada por <em>Big Data</em>",43053922,NA,2020-11-26 09:52:17 UTC,2020-11-26 09:52:17 UTC,NA,"",TRUE,89e5172a8b8bbf1ac056f17c248d6086,ODS1,WordPress/4.8.15; https://medialab.ugr.es,REFERRER_NOT_FOUND,FALSE,NA
Bounce,NA,46905859,6177267,19605,1148198,"R1.2 - Medición realista, objetiva y universal del nivel de pobreza, guiada por <em>Big Data</em>",1148199,R1.3 - Automatización comprometida con la seguridad económica del trabajador y amparada por educación e innovación,43053918,NA,2020-11-26 09:54:16 UTC,2020-11-26 09:54:16 UTC,NA,"",TRUE,89e5172a8b8bbf1ac056f17c248d6086,ODS1,WordPress/4.8.15; https://medialab.ugr.es,REFERRER_NOT_FOUND,FALSE,NA
Bounce,NA,46905860,6177268,19605,1148199,R1.3 - Automatización comprometida con la seguridad económica del trabajador y amparada por educación e innovación,1148197,R1.1 - Gobernanza basada en <em>blockchain</em> para toma de decisiones transparente ante la pobreza,43053919,NA,2020-11-26 09:54:16 UTC,2020-11-26 09:54:16 UTC,NA,"",TRUE,89e5172a8b8bbf1ac056f17c248d6086,ODS1,WordPress/4.8.15; https://medialab.ugr.es,REFERRER_NOT_FOUND,FALSE,NA
Bounce,NA,46905893,6177301,19605,1148199,R1.3 - Automatización comprometida con la seguridad económica del trabajador y amparada por educación e innovación,1148197,R1.1 - Gobernanza basada en <em>blockchain</em> para toma de decisiones transparente ante la pobreza,43053919,NA,2020-11-26 09:54:28 UTC,2020-11-26 09:54:28 UTC,NA,"",TRUE,89e5172a8b8bbf1ac056f17c248d6086,ODS1,WordPress/4.8.15; https://medialab.ugr.es,REFERRER_NOT_FOUND,FALSE,NA
Bounce,NA,46905910,6177318,19605,1148197,R1.1 - Gobernanza basada en <em>blockchain</em> para toma de decisiones transparente ante la pobreza,1148198,"R1.2 - Medición realista, objetiva y universal del nivel de pobreza, guiada por <em>Big Data</em>",43053921,NA,2020-11-26 09:54:35 UTC,2020-11-26 09:54:35 UTC,NA,"",TRUE,89e5172a8b8bbf1ac056f17c248d6086,ODS1,WordPress/4.8.15; https://medialab.ugr.es,REFERRER_NOT_FOUND,FALSE,NA
Bounce,NA,46905927,6177335,19605,1148198,"R1.2 - Medición realista, objetiva y universal del nivel de pobreza, guiada por <em>Big Data</em>",1148199,R1.3 - Automatización comprometida con la seguridad económica del trabajador y amparada por educación e innovación,43053918,NA,2020-11-26 09:54:49 UTC,2020-11-26 09:54:49 UTC,NA,"",TRUE,89e5172a8b8bbf1ac056f17c248d6086,ODS1,WordPress/4.8.15; https://medialab.ugr.es,REFERRER_NOT_FOUND,FALSE,NA
Bounce,NA,46905928,6177336,19605,1148199,R1.3 - Automatización comprometida con la seguridad económica del trabajador y amparada por educación e innovación,1148197,R1.1 - Gobernanza basada en <em>blockchain</em> para toma de decisiones transparente ante la pobreza,43053919,NA,2020-11-26 09:54:49 UTC,2020-11-26 09:54:49 UTC,NA,"",TRUE,89e5172a8b8bbf1ac056f17c248d6086,ODS1,WordPress/4.8.15; https://medialab.ugr.es,REFERRER_NOT_FOUND,FALSE,NA
Bounce,NA,46905961,6177369,19605,1148197,R1.1 - Gobernanza basada en <em>blockchain</em> para toma de decisiones transparente ante la pobreza,1148198,"R1.2 - Medición realista, objetiva y universal del nivel de pobreza, guiada por <em>Big Data</em>",43053921,NA,2020-11-26 09:55:31 UTC,2020-11-26 09:55:31 UTC,NA,"",TRUE,89e5172a8b8bbf1ac056f17c248d6086,ODS1,WordPress/4.8.15; https://medialab.ugr.es,REFERRER_NOT_FOUND,FALSE,NA
Bounce,NA,46905962,6177370,19605,1148198,"R1.2 - Medición realista, objetiva y universal del nivel de pobreza, guiada por <em>Big Data</em>",1148197,R1.1 - Gobernanza basada en <em>blockchain</em> para toma de decisiones transparente ante la pobreza,43053917,NA,2020-11-26 09:55:31 UTC,2020-11-26 09:55:31 UTC,NA,"",TRUE,89e5172a8b8bbf1ac056f17c248d6086,ODS1,WordPress/4.8.15; https://medialab.ugr.es,REFERRER_NOT_FOUND,FALSE,NA
Bounce,NA,46905995,6177403,19605,1148197,R1.1 - Gobernanza basada en <em>blockchain</em> para toma de decisiones transparente ante la pobreza,1148199,R1.3 - Automatización comprometida con la seguridad económica del trabajador y amparada por educación e innovación,43053920,NA,2020-11-26 09:55:43 UTC,2020-11-26 09:55:43 UTC,NA,"",TRUE,89e5172a8b8bbf1ac056f17c248d6086,ODS1,WordPress/4.8.15; https://medialab.ugr.es,REFERRER_NOT_FOUND,FALSE,NA
Bounce,NA,46906018,6177426,19605,1148199,R1.3 - Automatización comprometida con la seguridad económica del trabajador y amparada por educación e innovación,1148197,R1.1 - Gobernanza basada en <em>blockchain</em> para toma de decisiones transparente ante la pobreza,43053919,NA,2020-11-26 10:20:46 UTC,2020-11-26 10:20:46 UTC,NA,"",TRUE,89e5172a8b8bbf1ac056f17c248d6086,ODS1,WordPress/4.8.15; https://medialab.ugr.es,REFERRER_NOT_FOUND,FALSE,NA
Bounce,NA,46906019,6177427,19605,1148198,"R1.2 - Medición realista, objetiva y universal del nivel de pobreza, guiada por <em>Big Data</em>",1148197,R1.1 - Gobernanza basada en <em>blockchain</em> para toma de decisiones transparente ante la pobreza,43053917,NA,2020-11-26 10:20:47 UTC,2020-11-26 10:20:47 UTC,NA,"",TRUE,89e5172a8b8bbf1ac056f17c248d6086,ODS1,WordPress/4.8.15; https://medialab.ugr.es,REFERRER_NOT_FOUND,FALSE,NA
Bounce,NA,46906052,6177460,19605,1148199,R1.3 - Automatización comprometida con la seguridad económica del trabajador y amparada por educación e innovación,1148198,"R1.2 - Medición realista, objetiva y universal del nivel de pobreza, guiada por <em>Big Data</em>",43053922,NA,2020-11-26 10:21:01 UTC,2020-11-26 10:21:01 UTC,NA,"",TRUE,89e5172a8b8bbf1ac056f17c248d6086,ODS1,WordPress/4.8.15; https://medialab.ugr.es,REFERRER_NOT_FOUND,FALSE,NA
Bounce,NA,46906070,6177478,19605,1148199,R1.3 - Automatización comprometida con la seguridad económica del trabajador y amparada por educación e innovación,1148197,R1.1 - Gobernanza basada en <em>blockchain</em> para toma de decisiones transparente ante la pobreza,43053919,NA,2020-11-26 10:21:28 UTC,2020-11-26 10:21:28 UTC,NA,"",TRUE,89e5172a8b8bbf1ac056f17c248d6086,ODS1,WordPress/4.8.15; https://medialab.ugr.es,http://allourideas.org/ODS1?locale=es,FALSE,NA
Bounce,NA,46906071,6177479,19605,1148198,"R1.2 - Medición realista, objetiva y universal del nivel de pobreza, guiada por <em>Big Data</em>",1148199,R1.3 - Automatización comprometida con la seguridad económica del trabajador y amparada por educación e innovación,43053918,NA,2020-11-26 10:21:28 UTC,2020-11-26 10:21:28 UTC,NA,"",TRUE,89e5172a8b8bbf1ac056f17c248d6086,ODS1,WordPress/4.8.15; https://medialab.ugr.es,REFERRER_NOT_FOUND,FALSE,NA
Bounce,NA,46906104,6177512,19605,1148197,R1.1 - Gobernanza basada en <em>blockchain</em> para toma de decisiones transparente ante la pobreza,1148198,"R1.2 - Medición realista, objetiva y universal del nivel de pobreza, guiada por <em>Big Data</em>",43053921,NA,2020-11-26 10:21:40 UTC,2020-11-26 10:21:40 UTC,NA,"",TRUE,89e5172a8b8bbf1ac056f17c248d6086,ODS1,WordPress/4.8.15; https://medialab.ugr.es,REFERRER_NOT_FOUND,FALSE,NA
Bounce,NA,46906121,6177529,19605,1148197,R1.1 - Gobernanza basada en <em>blockchain</em> para toma de decisiones transparente ante la pobreza,1148199,R1.3 - Automatización comprometida con la seguridad económica del trabajador y amparada por educación e innovación,43053920,NA,2020-11-26 10:23:56 UTC,2020-11-26 10:23:56 UTC,NA,"",TRUE,89e5172a8b8bbf1ac056f17c248d6086,ODS1,WordPress/4.8.15; https://medialab.ugr.es,REFERRER_NOT_FOUND,FALSE,NA
Bounce,NA,46906122,6177530,19605,1148199,R1.3 - Automatización comprometida con la seguridad económica del trabajador y amparada por educación e innovación,1148198,"R1.2 - Medición realista, objetiva y universal del nivel de pobreza, guiada por <em>Big Data</em>",43053922,NA,2020-11-26 10:23:57 UTC,2020-11-26 10:23:57 UTC,NA,"",TRUE,89e5172a8b8bbf1ac056f17c248d6086,ODS1,WordPress/4.8.15; https://medialab.ugr.es,REFERRER_NOT_FOUND,FALSE,NA
Bounce,NA,46906155,6177563,19605,1148198,"R1.2 - Medición realista, objetiva y universal del nivel de pobreza, guiada por <em>Big Data</em>",1148197,R1.1 - Gobernanza basada en <em>blockchain</em> para toma de decisiones transparente ante la pobreza,43053917,NA,2020-11-26 10:24:12 UTC,2020-11-26 10:24:12 UTC,NA,"",TRUE,89e5172a8b8bbf1ac056f17c248d6086,ODS1,WordPress/4.8.15; https://medialab.ugr.es,REFERRER_NOT_FOUND,FALSE,NA
Bounce,NA,46906172,6177580,19605,1148198,"R1.2 - Medición realista, objetiva y universal del nivel de pobreza, guiada por <em>Big Data</em>",1148197,R1.1 - Gobernanza basada en <em>blockchain</em> para toma de decisiones transparente ante la pobreza,43053917,NA,2020-11-26 10:26:05 UTC,2020-11-26 10:26:05 UTC,NA,"",TRUE,89e5172a8b8bbf1ac056f17c248d6086,ODS1,WordPress/4.8.15; https://medialab.ugr.es,REFERRER_NOT_FOUND,FALSE,NA
Bounce,NA,46906173,6177581,19605,1148199,R1.3 - Automatización comprometida con la seguridad económica del trabajador y amparada por educación e innovación,1148198,"R1.2 - Medición realista, objetiva y universal del nivel de pobreza, guiada por <em>Big Data</em>",43053922,NA,2020-11-26 10:26:06 UTC,2020-11-26 10:26:06 UTC,NA,"",TRUE,89e5172a8b8bbf1ac056f17c248d6086,ODS1,WordPress/4.8.15; https://medialab.ugr.es,REFERRER_NOT_FOUND,FALSE,NA
Bounce,NA,46906206,6177614,19605,1148197,R1.1 - Gobernanza basada en <em>blockchain</em> para toma de decisiones transparente ante la pobreza,1148199,R1.3 - Automatización comprometida con la seguridad económica del trabajador y amparada por educación e innovación,43053920,NA,2020-11-26 10:26:19 UTC,2020-11-26 10:26:19 UTC,NA,"",TRUE,89e5172a8b8bbf1ac056f17c248d6086,ODS1,WordPress/4.8.15; https://medialab.ugr.es,REFERRER_NOT_FOUND,FALSE,NA
Bounce,NA,46906223,6177631,19605,1148197,R1.1 - Gobernanza basada en <em>blockchain</em> para toma de decisiones transparente ante la pobreza,1148199,R1.3 - Automatización comprometida con la seguridad económica del trabajador y amparada por educación e innovación,43053920,NA,2020-11-26 10:27:26 UTC,2020-11-26 10:27:26 UTC,NA,"",TRUE,89e5172a8b8bbf1ac056f17c248d6086,ODS1,WordPress/4.8.15; https://medialab.ugr.es,REFERRER_NOT_FOUND,FALSE,NA
Bounce,NA,46906224,6177632,19605,1148198,"R1.2 - Medición realista, objetiva y universal del nivel de pobreza, guiada por <em>Big Data</em>",1148197,R1.1 - Gobernanza basada en <em>blockchain</em> para toma de decisiones transparente ante la pobreza,43053917,NA,2020-11-26 10:27:26 UTC,2020-11-26 10:27:26 UTC,NA,"",TRUE,89e5172a8b8bbf1ac056f17c248d6086,ODS1,WordPress/4.8.15; https://medialab.ugr.es,REFERRER_NOT_FOUND,FALSE,NA
Bounce,NA,46906257,6177665,19605,1148199,R1.3 - Automatización comprometida con la seguridad económica del trabajador y amparada por educación e innovación,1148197,R1.1 - Gobernanza basada en <em>blockchain</em> para toma de decisiones transparente ante la pobreza,43053919,NA,2020-11-26 10:27:39 UTC,2020-11-26 10:27:39 UTC,NA,"",TRUE,89e5172a8b8bbf1ac056f17c248d6086,ODS1,WordPress/4.8.15; https://medialab.ugr.es,REFERRER_NOT_FOUND,FALSE,NA
Bounce,NA,46906274,6177682,19605,1148199,R1.3 - Automatización comprometida con la seguridad económica del trabajador y amparada por educación e innovación,1148197,R1.1 - Gobernanza basada en <em>blockchain</em> para toma de decisiones transparente ante la pobreza,43053919,NA,2020-11-26 10:28:19 UTC,2020-11-26 10:28:19 UTC,NA,"",TRUE,89e5172a8b8bbf1ac056f17c248d6086,ODS1,WordPress/4.8.15; https://medialab.ugr.es,REFERRER_NOT_FOUND,FALSE,NA
Bounce,NA,46906275,6177683,19605,1148198,"R1.2 - Medición realista, objetiva y universal del nivel de pobreza, guiada por <em>Big Data</em>",1148199,R1.3 - Automatización comprometida con la seguridad económica del trabajador y amparada por educación e innovación,43053918,NA,2020-11-26 10:28:19 UTC,2020-11-26 10:28:19 UTC,NA,"",TRUE,89e5172a8b8bbf1ac056f17c248d6086,ODS1,WordPress/4.8.15; https://medialab.ugr.es,REFERRER_NOT_FOUND,FALSE,NA
Bounce,NA,46906308,6177716,19605,1148197,R1.1 - Gobernanza basada en <em>blockchain</em> para toma de decisiones transparente ante la pobreza,1148199,R1.3 - Automatización comprometida con la seguridad económica del trabajador y amparada por educación e innovación,43053920,NA,2020-11-26 10:28:31 UTC,2020-11-26 10:28:31 UTC,NA,"",TRUE,89e5172a8b8bbf1ac056f17c248d6086,ODS1,WordPress/4.8.15; https://medialab.ugr.es,REFERRER_NOT_FOUND,FALSE,NA
Skip,2587662,46906333,6177737,19605,1148199,R1.3 - Automatización comprometida con la seguridad económica del trabajador y amparada por educación e innovación,1148198,"R1.2 - Medición realista, objetiva y universal del nivel de pobreza, guiada por <em>Big Data</em>",43053922,dont_know_both,2020-11-26 10:41:58 UTC,2020-11-26 10:41:58 UTC,45.746,"",TRUE,80043eaa2745149ae2d6243aa5717dc3,ODS1,"Mozilla/5.0 (Windows NT 10.0; Win64; x64) AppleWebKit/537.36 (KHTML, like Gecko) Chrome/87.0.4280.66 Safari/537.36",DIRECT_VISIT,FALSE,NA
Skip,2587663,46906334,6177737,19605,1148198,"R1.2 - Medición realista, objetiva y universal del nivel de pobreza, guiada por <em>Big Data</em>",1148197,R1.1 - Gobernanza basada en <em>blockchain</em> para toma de decisiones transparente ante la pobreza,43053917,dont_know_both,2020-11-26 10:42:15 UTC,2020-11-26 10:42:15 UTC,16.591,"",TRUE,80043eaa2745149ae2d6243aa5717dc3,ODS1,"Mozilla/5.0 (Windows NT 10.0; Win64; x64) AppleWebKit/537.36 (KHTML, like Gecko) Chrome/87.0.4280.66 Safari/537.36",DIRECT_VISIT,FALSE,NA
Skip,2587664,46906335,6177737,19605,1148198,"R1.2 - Medición realista, objetiva y universal del nivel de pobreza, guiada por <em>Big Data</em>",1148199,R1.3 - Automatización comprometida con la seguridad económica del trabajador y amparada por educación e innovación,43053918,dont_know_both,2020-11-26 10:42:27 UTC,2020-11-26 10:42:27 UTC,11.131,"",TRUE,80043eaa2745149ae2d6243aa5717dc3,ODS1,"Mozilla/5.0 (Windows NT 10.0; Win64; x64) AppleWebKit/537.36 (KHTML, like Gecko) Chrome/87.0.4280.66 Safari/537.36",DIRECT_VISIT,FALSE,NA
Skip,2587665,46906336,6177737,19605,1148197,R1.1 - Gobernanza basada en <em>blockchain</em> para toma de decisiones transparente ante la pobreza,1148199,R1.3 - Automatización comprometida con la seguridad económica del trabajador y amparada por educación e innovación,43053920,dislike_both,2020-11-26 10:42:35 UTC,2020-11-26 10:42:35 UTC,8.261,"",TRUE,80043eaa2745149ae2d6243aa5717dc3,ODS1,"Mozilla/5.0 (Windows NT 10.0; Win64; x64) AppleWebKit/537.36 (KHTML, like Gecko) Chrome/87.0.4280.66 Safari/537.36",DIRECT_VISIT,FALSE,NA
Skip,2587666,46906337,6177737,19605,1148197,R1.1 - Gobernanza basada en <em>blockchain</em> para toma de decisiones transparente ante la pobreza,1148198,"R1.2 - Medición realista, objetiva y universal del nivel de pobreza, guiada por <em>Big Data</em>",43053921,dont_know_right,2020-11-26 10:42:43 UTC,2020-11-26 10:42:43 UTC,7.848,"",TRUE,80043eaa2745149ae2d6243aa5717dc3,ODS1,"Mozilla/5.0 (Windows NT 10.0; Win64; x64) AppleWebKit/537.36 (KHTML, like Gecko) Chrome/87.0.4280.66 Safari/537.36",DIRECT_VISIT,FALSE,NA
Stopped_Voting_Or_Skipping,NA,46906338,6177737,19605,1148199,R1.3 - Automatización comprometida con la seguridad económica del trabajador y amparada por educación e innovación,1148197,R1.1 - Gobernanza basada en <em>blockchain</em> para toma de decisiones transparente ante la pobreza,43053919,NA,2020-11-26 10:42:43 UTC,2020-11-26 10:42:43 UTC,NA,"",TRUE,80043eaa2745149ae2d6243aa5717dc3,ODS1,"Mozilla/5.0 (Windows NT 10.0; Win64; x64) AppleWebKit/537.36 (KHTML, like Gecko) Chrome/87.0.4280.66 Safari/537.36",DIRECT_VISIT,FALSE,NA
Skip,2587667,46906344,6177740,19605,1148198,"R1.2 - Medición realista, objetiva y universal del nivel de pobreza, guiada por <em>Big Data</em>",1148199,R1.3 - Automatización comprometida con la seguridad económica del trabajador y amparada por educación e innovación,43053918,dont_know_left,2020-11-26 10:51:21 UTC,2020-11-26 10:51:21 UTC,55.675,"",TRUE,6076c50d356a21f99e98441a4fb06663,ODS1,"Mozilla/5.0 (Windows NT 6.1) AppleWebKit/537.36 (KHTML, like Gecko) Chrome/85.0.4183.121 Safari/537.36",http://dasci.es/,FALSE,NA
Skip,2587668,46906347,6177740,19605,1148198,"R1.2 - Medición realista, objetiva y universal del nivel de pobreza, guiada por <em>Big Data</em>",1148197,R1.1 - Gobernanza basada en <em>blockchain</em> para toma de decisiones transparente ante la pobreza,43053917,dont_know_left,2020-11-26 10:51:47 UTC,2020-11-26 10:51:47 UTC,25.576,"",TRUE,6076c50d356a21f99e98441a4fb06663,ODS1,"Mozilla/5.0 (Windows NT 6.1) AppleWebKit/537.36 (KHTML, like Gecko) Chrome/85.0.4183.121 Safari/537.36",http://dasci.es/,FALSE,NA
Stopped_Voting_Or_Skipping,NA,46906348,6177740,19605,1148198,"R1.2 - Medición realista, objetiva y universal del nivel de pobreza, guiada por <em>Big Data</em>",1148197,R1.1 - Gobernanza basada en <em>blockchain</em> para toma de decisiones transparente ante la pobreza,43053917,NA,2020-11-26 10:51:47 UTC,2020-11-26 10:51:47 UTC,NA,"",TRUE,6076c50d356a21f99e98441a4fb06663,ODS1,"Mozilla/5.0 (Windows NT 6.1) AppleWebKit/537.36 (KHTML, like Gecko) Chrome/85.0.4183.121 Safari/537.36",http://dasci.es/,FALSE,NA
Bounce,NA,46906349,6177743,19605,1148198,"R1.2 - Medición realista, objetiva y universal del nivel de pobreza, guiada por <em>Big Data</em>",1148199,R1.3 - Automatización comprometida con la seguridad económica del trabajador y amparada por educación e innovación,43053918,NA,2020-11-26 10:52:24 UTC,2020-11-26 10:52:24 UTC,NA,"",TRUE,397c77838aa9ae946374e04c358a9859,ODS1,"Mozilla/5.0 (X11; Linux x86_64) AppleWebKit/537.36 (KHTML, like Gecko) Chrome/86.0.4240.198 Safari/537.36 OPR/72.0.3815.378",REFERRER_NOT_FOUND,FALSE,NA
Bounce,NA,46906388,6177749,19605,1148199,R1.3 - Automatización comprometida con la seguridad económica del trabajador y amparada por educación e innovación,1148198,"R1.2 - Medición realista, objetiva y universal del nivel de pobreza, guiada por <em>Big Data</em>",43053922,NA,2020-11-26 10:57:47 UTC,2020-11-26 10:57:47 UTC,NA,"",TRUE,e0fce29749043a996221d635b70e395f,ODS1,Mozilla/5.0 (X11; Ubuntu; Linux x86_64; rv:83.0) Gecko/20100101 Firefox/83.0,REFERRER_NOT_FOUND,FALSE,NA
Stopped_Voting_Or_Skipping,NA,46906485,6177770,19605,1148199,R1.3 - Automatización comprometida con la seguridad económica del trabajador y amparada por educación e innovación,1148197,R1.1 - Gobernanza basada en <em>blockchain</em> para toma de decisiones transparente ante la pobreza,43053919,NA,2020-11-26 12:02:11 UTC,2020-11-26 12:02:11 UTC,NA,"",TRUE,76e8c14290abd9b61831e3b98b13bb55,ODS1,"Mozilla/5.0 (Macintosh; Intel Mac OS X 10_15_7) AppleWebKit/605.1.15 (KHTML, like Gecko) Version/14.0 Safari/605.1.15",DIRECT_VISIT,FALSE,NA
Stopped_Voting_Or_Skipping,NA,46906504,6177775,19605,1148198,"R1.2 - Medición realista, objetiva y universal del nivel de pobreza, guiada por <em>Big Data</em>",1148199,R1.3 - Automatización comprometida con la seguridad económica del trabajador y amparada por educación e innovación,43053918,NA,2020-11-26 12:10:53 UTC,2020-11-26 12:10:53 UTC,NA,"",TRUE,e3666c10c66f9b0c5aafdba41cbd8241,ODS1,Mozilla/5.0 (Windows NT 10.0; Win64; x64; rv:83.0) Gecko/20100101 Firefox/83.0,DIRECT_VISIT,FALSE,NA
Stopped_Voting_Or_Skipping,NA,46906600,6177793,19605,1148197,R1.1 - Gobernanza basada en <em>blockchain</em> para toma de decisiones transparente ante la pobreza,1148199,R1.3 - Automatización comprometida con la seguridad económica del trabajador y amparada por educación e innovación,43053920,NA,2020-11-26 12:35:39 UTC,2020-11-26 12:35:39 UTC,NA,"",TRUE,b49596cf06ec132c9a60df4561526269,ODS1,"Mozilla/5.0 (Windows NT 10.0; Win64; x64) AppleWebKit/537.36 (KHTML, like Gecko) Chrome/85.0.4183.121 Safari/537.36",DIRECT_VISIT,FALSE,NA
Bounce,NA,46906602,6177796,19605,1148197,R1.1 - Gobernanza basada en <em>blockchain</em> para toma de decisiones transparente ante la pobreza,1148199,R1.3 - Automatización comprometida con la seguridad económica del trabajador y amparada por educación e innovación,43053920,NA,2020-11-26 12:46:17 UTC,2020-11-26 12:46:17 UTC,NA,"",TRUE,0ac2e28fb3e37d972d8a45335284ca4c,ODS1,"Mozilla/5.0 (Windows NT 6.1; Win64; x64) AppleWebKit/537.36 (KHTML, like Gecko) Chrome/86.0.4240.198 Safari/537.36",REFERRER_NOT_FOUND,FALSE,NA
Stopped_Voting_Or_Skipping,NA,46906609,6177799,19605,1148199,R1.3 - Automatización comprometida con la seguridad económica del trabajador y amparada por educación e innovación,1148197,R1.1 - Gobernanza basada en <em>blockchain</em> para toma de decisiones transparente ante la pobreza,43053919,NA,2020-11-26 12:50:43 UTC,2020-11-26 12:50:43 UTC,NA,"",TRUE,be61b7a6b6460bd4072dd0333d999350,ODS1,"Mozilla/5.0 (Macintosh; Intel Mac OS X 10_15_6) AppleWebKit/605.1.15 (KHTML, like Gecko) Version/14.0.1 Safari/605.1.15",DIRECT_VISIT,FALSE,NA
Bounce,NA,46906610,6177800,19605,1148198,"R1.2 - Medición realista, objetiva y universal del nivel de pobreza, guiada por <em>Big Data</em>",1148199,R1.3 - Automatización comprometida con la seguridad económica del trabajador y amparada por educación e innovación,43053918,NA,2020-11-26 12:51:13 UTC,2020-11-26 12:51:13 UTC,NA,"",TRUE,be61b7a6b6460bd4072dd0333d999350,ODS1,Mozilla/5.0 (Macintosh; Intel Mac OS X 10.16; rv:83.0) Gecko/20100101 Firefox/83.0,REFERRER_NOT_FOUND,FALSE,NA
Bounce,NA,46906676,6177815,19605,1148199,R1.3 - Automatización comprometida con la seguridad económica del trabajador y amparada por educación e innovación,1148198,"R1.2 - Medición realista, objetiva y universal del nivel de pobreza, guiada por <em>Big Data</em>",43053922,NA,2020-11-26 13:41:46 UTC,2020-11-26 13:41:46 UTC,NA,"",TRUE,eceee82d6fe13e9e61578ae62b73ae69,ODS1,Mozilla/5.0 (compatible; um-LN/1.0; mailto: techinfo@ubermetrics-technologies.com; Windows NT 6.1; WOW64; rv:40.0) Gecko/20100101 Firefox/40.1,REFERRER_NOT_FOUND,FALSE,NA
Stopped_Voting_Or_Skipping,NA,46906967,6177881,19605,1148197,R1.1 - Gobernanza basada en <em>blockchain</em> para toma de decisiones transparente ante la pobreza,1148198,"R1.2 - Medición realista, objetiva y universal del nivel de pobreza, guiada por <em>Big Data</em>",43053921,NA,2020-11-26 15:02:50 UTC,2020-11-26 15:02:50 UTC,NA,"",TRUE,3b3462e275bf379728a7000fd2671143,ODS1,"Mozilla/5.0 (Windows NT 10.0; Win64; x64) AppleWebKit/537.36 (KHTML, like Gecko) Chrome/87.0.4280.66 Safari/537.36",DIRECT_VISIT,FALSE,NA
Stopped_Voting_Or_Skipping,NA,46906977,6177885,19605,1148199,R1.3 - Automatización comprometida con la seguridad económica del trabajador y amparada por educación e innovación,1148197,R1.1 - Gobernanza basada en <em>blockchain</em> para toma de decisiones transparente ante la pobreza,43053919,NA,2020-11-26 15:07:07 UTC,2020-11-26 15:07:07 UTC,NA,"",TRUE,a79efc5cfeb4222abfc57b8d3782fc1b,ODS1,"Mozilla/5.0 (iPhone; CPU iPhone OS 14_2 like Mac OS X) AppleWebKit/605.1.15 (KHTML, like Gecko) Version/14.0.1 Mobile/15E148 Safari/604.1",DIRECT_VISIT,FALSE,NA
Bounce,NA,46908477,6178288,19605,1148199,R1.3 - Automatización comprometida con la seguridad económica del trabajador y amparada por educación e innovación,1148198,"R1.2 - Medición realista, objetiva y universal del nivel de pobreza, guiada por <em>Big Data</em>",43053922,NA,2020-11-27 04:26:10 UTC,2020-11-27 04:26:10 UTC,NA,"",TRUE,7e09530ea805ea09408cc3488b968527,ODS1,"Mozilla/5.0 (iPhone; CPU iPhone OS 14_0 like Mac OS X) AppleWebKit/605.1.15 (KHTML, like Gecko) Version/14.0 Mobile/15E148 Safari/604.1",REFERRER_NOT_FOUND,FALSE,NA
Bounce,NA,46908585,6178363,19605,1148198,"R1.2 - Medición realista, objetiva y universal del nivel de pobreza, guiada por <em>Big Data</em>",1148199,R1.3 - Automatización comprometida con la seguridad económica del trabajador y amparada por educación e innovación,43053918,NA,2020-11-27 07:13:13 UTC,2020-11-27 07:13:13 UTC,NA,"",TRUE,01e050d5cba3c9988cc3709fb35e539c,ODS1,"Mozilla/5.0 (Linux; Android 11; IN2010) AppleWebKit/537.36 (KHTML, like Gecko) Chrome/85.0.4183.101 Mobile Safari/537.36",REFERRER_NOT_FOUND,FALSE,NA
Stopped_Voting_Or_Skipping,NA,46908744,6178432,19605,1148198,"R1.2 - Medición realista, objetiva y universal del nivel de pobreza, guiada por <em>Big Data</em>",1148199,R1.3 - Automatización comprometida con la seguridad económica del trabajador y amparada por educación e innovación,43053918,NA,2020-11-27 12:01:54 UTC,2020-11-27 12:01:54 UTC,NA,"",TRUE,3b43578af41f7a111c50472f17fdfb68,ODS1,Mozilla/5.0 (Windows NT 6.3; Win64; x64; rv:83.0) Gecko/20100101 Firefox/83.0,http://dasci.es/ia4ods/inter-ods-1.html,FALSE,NA
Bounce,NA,46908745,6178433,19605,1148197,R1.1 - Gobernanza basada en <em>blockchain</em> para toma de decisiones transparente ante la pobreza,1148199,R1.3 - Automatización comprometida con la seguridad económica del trabajador y amparada por educación e innovación,43053920,NA,2020-11-27 12:02:25 UTC,2020-11-27 12:02:25 UTC,NA,"",TRUE,1cd3d4127571d103f96eaeb29b37eee6,ODS1,"Mozilla/5.0 (Windows NT 6.1; Win64; x64) AppleWebKit/537.36 (KHTML, like Gecko) Chrome/72.0.3626.109 Safari/537.36",REFERRER_NOT_FOUND,FALSE,NA
Bounce,NA,46908769,6178457,19605,1148197,R1.1 - Gobernanza basada en <em>blockchain</em> para toma de decisiones transparente ante la pobreza,1148199,R1.3 - Automatización comprometida con la seguridad económica del trabajador y amparada por educación e innovación,43053920,NA,2020-11-27 12:03:45 UTC,2020-11-27 12:03:45 UTC,NA,"",TRUE,7064ef1c32d55a9d5e50ffb102479e34,ODS1,"Mozilla/5.0 (Windows NT 10.0; Win64; x64) AppleWebKit/537.36 (KHTML, like Gecko) Chrome/83.0.4103.61 Safari/537.36",REFERRER_NOT_FOUND,FALSE,NA
Bounce,NA,46908790,6178478,19605,1148197,R1.1 - Gobernanza basada en <em>blockchain</em> para toma de decisiones transparente ante la pobreza,1148198,"R1.2 - Medición realista, objetiva y universal del nivel de pobreza, guiada por <em>Big Data</em>",43053921,NA,2020-11-27 12:05:35 UTC,2020-11-27 12:05:35 UTC,NA,"",TRUE,58c5c4d21c2ac4190752d17dc3dcbab1,ODS1,"Mozilla/5.0 (Windows NT 6.1; Win64; x64) AppleWebKit/537.36 (KHTML, like Gecko) Chrome/72.0.3626.109 Safari/537.36",REFERRER_NOT_FOUND,FALSE,NA
Bounce,NA,46908792,6178480,19605,1148197,R1.1 - Gobernanza basada en <em>blockchain</em> para toma de decisiones transparente ante la pobreza,1148198,"R1.2 - Medición realista, objetiva y universal del nivel de pobreza, guiada por <em>Big Data</em>",43053921,NA,2020-11-27 12:05:47 UTC,2020-11-27 12:05:47 UTC,NA,"",TRUE,f21ea514029b67bd109a4d7a5f56098b,ODS1,"Mozilla/5.0 (Windows NT 6.1; Win64; x64) AppleWebKit/537.36 (KHTML, like Gecko) Chrome/72.0.3626.109 Safari/537.36",REFERRER_NOT_FOUND,FALSE,NA
Bounce,NA,46908815,6178503,19605,1148197,R1.1 - Gobernanza basada en <em>blockchain</em> para toma de decisiones transparente ante la pobreza,1148198,"R1.2 - Medición realista, objetiva y universal del nivel de pobreza, guiada por <em>Big Data</em>",43053921,NA,2020-11-27 12:08:40 UTC,2020-11-27 12:08:40 UTC,NA,"",TRUE,9c0318570d2765ec4e23228322209408,ODS1,"Mozilla/5.0 (Windows NT 6.1; Win64; x64) AppleWebKit/537.36 (KHTML, like Gecko) Chrome/72.0.3626.109 Safari/537.36",REFERRER_NOT_FOUND,FALSE,NA
Bounce,NA,46908824,6178512,19605,1148199,R1.3 - Automatización comprometida con la seguridad económica del trabajador y amparada por educación e innovación,1148198,"R1.2 - Medición realista, objetiva y universal del nivel de pobreza, guiada por <em>Big Data</em>",43053922,NA,2020-11-27 12:09:14 UTC,2020-11-27 12:09:14 UTC,NA,"",TRUE,22c63dff6fb313f718cc480aabbdae1f,ODS1,"Mozilla/5.0 (Windows NT 6.1; Win64; x64) AppleWebKit/537.36 (KHTML, like Gecko) Chrome/72.0.3626.109 Safari/537.36",DIRECT_VISIT,FALSE,NA
Stopped_Voting_Or_Skipping,NA,46909210,6178588,19605,1148198,"R1.2 - Medición realista, objetiva y universal del nivel de pobreza, guiada por <em>Big Data</em>",1148199,R1.3 - Automatización comprometida con la seguridad económica del trabajador y amparada por educación e innovación,43053918,NA,2020-11-27 16:17:32 UTC,2020-11-27 16:17:32 UTC,NA,"",TRUE,3304159529c5e5fcf819ecd089136135,ODS1,"Mozilla/5.0 (Windows NT 6.1; Win64; x64) AppleWebKit/537.36 (KHTML, like Gecko) Chrome/87.0.4280.66 Safari/537.36",DIRECT_VISIT,FALSE,NA
Stopped_Voting_Or_Skipping,NA,46909216,6178589,19605,1148197,R1.1 - Gobernanza basada en <em>blockchain</em> para toma de decisiones transparente ante la pobreza,1148199,R1.3 - Automatización comprometida con la seguridad económica del trabajador y amparada por educación e innovación,43053920,NA,2020-11-27 16:18:34 UTC,2020-11-27 16:18:34 UTC,NA,"",TRUE,3304159529c5e5fcf819ecd089136135,ODS1,"Mozilla/5.0 (Windows NT 6.1; Win64; x64) AppleWebKit/537.36 (KHTML, like Gecko) Chrome/87.0.4280.66 Safari/537.36",http://dasci.es/,FALSE,NA
Bounce,NA,46909413,6178656,19605,1148198,"R1.2 - Medición realista, objetiva y universal del nivel de pobreza, guiada por <em>Big Data</em>",1148197,R1.1 - Gobernanza basada en <em>blockchain</em> para toma de decisiones transparente ante la pobreza,43053917,NA,2020-11-27 18:48:33 UTC,2020-11-27 18:48:33 UTC,NA,"",TRUE,9d30c512b60478107182e635da864fc9,ODS1,"Mozilla/5.0 (Windows NT 10.0; Win64; x64) AppleWebKit/537.36 (KHTML, like Gecko) Chrome/87.0.4280.66 Safari/537.36",REFERRER_NOT_FOUND,FALSE,NA
Bounce,NA,46909436,6178679,19605,1148197,R1.1 - Gobernanza basada en <em>blockchain</em> para toma de decisiones transparente ante la pobreza,1148198,"R1.2 - Medición realista, objetiva y universal del nivel de pobreza, guiada por <em>Big Data</em>",43053921,NA,2020-11-27 19:11:31 UTC,2020-11-27 19:11:31 UTC,NA,"",TRUE,53442f94de3c5f9ad0edf9f43dabcb03,ODS1,"Mozilla/5.0 (Windows NT 6.1; Win64; x64) AppleWebKit/537.36 (KHTML, like Gecko) Chrome/72.0.3626.109 Safari/537.36",REFERRER_NOT_FOUND,FALSE,NA
Bounce,NA,46909487,6178693,19605,1148199,R1.3 - Automatización comprometida con la seguridad económica del trabajador y amparada por educación e innovación,1148197,R1.1 - Gobernanza basada en <em>blockchain</em> para toma de decisiones transparente ante la pobreza,43053919,NA,2020-11-27 19:16:17 UTC,2020-11-27 19:16:17 UTC,NA,"",TRUE,9e653cd1b7af978e68906380a636461a,ODS1,"Mozilla/5.0 (Windows NT 6.1; Win64; x64) AppleWebKit/537.36 (KHTML, like Gecko) Chrome/72.0.3626.109 Safari/537.36",REFERRER_NOT_FOUND,FALSE,NA
Stopped_Voting_Or_Skipping,NA,46909676,6178737,19605,1148198,"R1.2 - Medición realista, objetiva y universal del nivel de pobreza, guiada por <em>Big Data</em>",1148197,R1.1 - Gobernanza basada en <em>blockchain</em> para toma de decisiones transparente ante la pobreza,43053917,NA,2020-11-27 20:06:20 UTC,2020-11-27 20:06:20 UTC,NA,"",TRUE,cbf8ef66afbced5c4ff3a5ec24260ea7,ODS1,"Mozilla/5.0 (Windows NT 6.1; Win64; x64) AppleWebKit/537.36 (KHTML, like Gecko) Chrome/87.0.4280.66 Safari/537.36",DIRECT_VISIT,FALSE,NA
Stopped_Voting_Or_Skipping,NA,46910434,6178986,19605,1148199,R1.3 - Automatización comprometida con la seguridad económica del trabajador y amparada por educación e innovación,1148197,R1.1 - Gobernanza basada en <em>blockchain</em> para toma de decisiones transparente ante la pobreza,43053919,NA,2020-11-28 09:10:23 UTC,2020-11-28 09:10:23 UTC,NA,"",TRUE,86d86ee1f544a9cd5a6ce3a8dfe05fa0,ODS1,Mozilla/5.0 (X11; Linux x86_64; rv:83.0) Gecko/20100101 Firefox/83.0,DIRECT_VISIT,FALSE,NA
Stopped_Voting_Or_Skipping,NA,47608588,6203911,19605,1148198,"R1.2 - Medición realista, objetiva y universal del nivel de pobreza, guiada por <em>Big Data</em>",1148197,R1.1 - Gobernanza basada en <em>blockchain</em> para toma de decisiones transparente ante la pobreza,43053917,NA,2020-11-29 17:31:00 UTC,2020-11-29 17:31:00 UTC,NA,"",TRUE,1fc57b4b67b3fd163877275c9ac675b9,ODS1,Mozilla/5.0 (Windows NT 10.0; Win64; x64; rv:83.0) Gecko/20100101 Firefox/83.0,DIRECT_VISIT,FALSE,NA
Bounce,NA,47831636,6211069,19605,1148199,R1.3 - Automatización comprometida con la seguridad económica del trabajador y amparada por educación e innovación,1148197,R1.1 - Gobernanza basada en <em>blockchain</em> para toma de decisiones transparente ante la pobreza,43053919,NA,2020-11-29 22:11:37 UTC,2020-11-29 22:11:37 UTC,NA,"",TRUE,a4823ac651c8ade23724f313d4d1863e,ODS1,"Mozilla/5.0 (Macintosh; Intel Mac OS X 10_15_0) AppleWebKit/537.36 (KHTML, like Gecko) Chrome/87.0.4280.67 Safari/537.36",REFERRER_NOT_FOUND,FALSE,NA
Stopped_Voting_Or_Skipping,NA,47901554,6212723,19605,1148199,R1.3 - Automatización comprometida con la seguridad económica del trabajador y amparada por educación e innovación,1148198,"R1.2 - Medición realista, objetiva y universal del nivel de pobreza, guiada por <em>Big Data</em>",43053922,NA,2020-11-29 23:53:10 UTC,2020-11-29 23:53:10 UTC,NA,"",TRUE,30157e8b825c61e63af099b66b171a36,ODS1,"Mozilla/5.0 (Macintosh; Intel Mac OS X 10_15_7) AppleWebKit/605.1.15 (KHTML, like Gecko) Version/14.0.1 Safari/605.1.15",DIRECT_VISIT,FALSE,NA
Bounce,NA,48055862,6216056,19605,1148199,R1.3 - Automatización comprometida con la seguridad económica del trabajador y amparada por educación e innovación,1148198,"R1.2 - Medición realista, objetiva y universal del nivel de pobreza, guiada por <em>Big Data</em>",43053922,NA,2020-11-30 08:17:21 UTC,2020-11-30 08:17:21 UTC,NA,"",TRUE,b0fb82e0f79f5019cfb707f5a9ee76f3,ODS1,Mozilla/5.0 (Windows NT 10.0; Win64; x64; rv:83.0) Gecko/20100101 Firefox/83.0,REFERRER_NOT_FOUND,FALSE,NA
Bounce,NA,48055913,6216059,19605,1148199,R1.3 - Automatización comprometida con la seguridad económica del trabajador y amparada por educación e innovación,1148198,"R1.2 - Medición realista, objetiva y universal del nivel de pobreza, guiada por <em>Big Data</em>",43053922,NA,2020-11-30 08:17:43 UTC,2020-11-30 08:17:43 UTC,NA,"",TRUE,b0fb82e0f79f5019cfb707f5a9ee76f3,ODS1,Mozilla/5.0 (Windows NT 10.0; Win64; x64; rv:83.0) Gecko/20100101 Firefox/83.0,http://dasci.es/ia4ods/inter-ods-1.html,FALSE,NA
Skip,2657073,48061119,6216205,19605,1148198,"R1.2 - Medición realista, objetiva y universal del nivel de pobreza, guiada por <em>Big Data</em>",1148197,R1.1 - Gobernanza basada en <em>blockchain</em> para toma de decisiones transparente ante la pobreza,43053917,dont_know_right,2020-11-30 09:00:14 UTC,2020-11-30 09:00:14 UTC,23.319,"",TRUE,0296ea6fd12b92207b356a400e90ab10,ODS1,"Mozilla/5.0 (Windows NT 10.0; Win64; x64) AppleWebKit/537.36 (KHTML, like Gecko) Chrome/87.0.4280.66 Safari/537.36",DIRECT_VISIT,FALSE,NA
Skip,2657075,48061193,6216205,19605,1148198,"R1.2 - Medición realista, objetiva y universal del nivel de pobreza, guiada por <em>Big Data</em>",1148197,R1.1 - Gobernanza basada en <em>blockchain</em> para toma de decisiones transparente ante la pobreza,43053917,dont_know_right,2020-11-30 09:00:36 UTC,2020-11-30 09:00:36 UTC,14.308,"",TRUE,0296ea6fd12b92207b356a400e90ab10,ODS1,"Mozilla/5.0 (Windows NT 10.0; Win64; x64) AppleWebKit/537.36 (KHTML, like Gecko) Chrome/87.0.4280.66 Safari/537.36",DIRECT_VISIT,FALSE,NA
Stopped_Voting_Or_Skipping,NA,48061211,6216205,19605,1148197,R1.1 - Gobernanza basada en <em>blockchain</em> para toma de decisiones transparente ante la pobreza,1148199,R1.3 - Automatización comprometida con la seguridad económica del trabajador y amparada por educación e innovación,43053920,NA,2020-11-30 09:00:36 UTC,2020-11-30 09:00:36 UTC,NA,"",TRUE,0296ea6fd12b92207b356a400e90ab10,ODS1,"Mozilla/5.0 (Windows NT 10.0; Win64; x64) AppleWebKit/537.36 (KHTML, like Gecko) Chrome/87.0.4280.66 Safari/537.36",DIRECT_VISIT,FALSE,NA
Skip,2657220,48067211,6216331,19605,1148199,R1.3 - Automatización comprometida con la seguridad económica del trabajador y amparada por educación e innovación,1148197,R1.1 - Gobernanza basada en <em>blockchain</em> para toma de decisiones transparente ante la pobreza,43053919,like_both,2020-11-30 09:51:08 UTC,2020-11-30 09:51:08 UTC,9.534,"",TRUE,f37dbdcd6c46d416eb8c61932cd3a5e2,ODS1,"Mozilla/5.0 (Macintosh; Intel Mac OS X 10_15_5) AppleWebKit/537.36 (KHTML, like Gecko) Chrome/87.0.4280.67 Safari/537.36",DIRECT_VISIT,FALSE,NA
Stopped_Voting_Or_Skipping,NA,48067231,6216331,19605,1148199,R1.3 - Automatización comprometida con la seguridad económica del trabajador y amparada por educación e innovación,1148197,R1.1 - Gobernanza basada en <em>blockchain</em> para toma de decisiones transparente ante la pobreza,43053919,NA,2020-11-30 09:51:08 UTC,2020-11-30 09:51:08 UTC,NA,"",TRUE,f37dbdcd6c46d416eb8c61932cd3a5e2,ODS1,"Mozilla/5.0 (Macintosh; Intel Mac OS X 10_15_5) AppleWebKit/537.36 (KHTML, like Gecko) Chrome/87.0.4280.67 Safari/537.36",DIRECT_VISIT,FALSE,NA
Skip,2657237,48068164,6216374,19605,1148197,R1.1 - Gobernanza basada en <em>blockchain</em> para toma de decisiones transparente ante la pobreza,1148198,"R1.2 - Medición realista, objetiva y universal del nivel de pobreza, guiada por <em>Big Data</em>",43053921,dont_know_left,2020-11-30 09:57:17 UTC,2020-11-30 09:57:17 UTC,32.395,"",TRUE,72b775b667a183d58db0ceb85e1e586a,ODS1,"Mozilla/5.0 (Windows NT 10.0; Win64; x64) AppleWebKit/537.36 (KHTML, like Gecko) Chrome/86.0.4240.198 Safari/537.36",DIRECT_VISIT,FALSE,NA
Stopped_Voting_Or_Skipping,NA,48068271,6216374,19605,1148198,"R1.2 - Medición realista, objetiva y universal del nivel de pobreza, guiada por <em>Big Data</em>",1148197,R1.1 - Gobernanza basada en <em>blockchain</em> para toma de decisiones transparente ante la pobreza,43053917,NA,2020-11-30 09:57:32 UTC,2020-11-30 09:57:32 UTC,NA,"",TRUE,72b775b667a183d58db0ceb85e1e586a,ODS1,"Mozilla/5.0 (Windows NT 10.0; Win64; x64) AppleWebKit/537.36 (KHTML, like Gecko) Chrome/86.0.4240.198 Safari/537.36",DIRECT_VISIT,FALSE,NA
Stopped_Voting_Or_Skipping,NA,48079077,6216603,19605,1148197,R1.1 - Gobernanza basada en <em>blockchain</em> para toma de decisiones transparente ante la pobreza,1148199,R1.3 - Automatización comprometida con la seguridad económica del trabajador y amparada por educación e innovación,43053920,NA,2020-11-30 11:21:04 UTC,2020-11-30 11:21:04 UTC,NA,"",TRUE,3b3d03d1b33b31a338bf0de1abc7aede,ODS1,"Mozilla/5.0 (Macintosh; Intel Mac OS X 10_15_7) AppleWebKit/537.36 (KHTML, like Gecko) Chrome/87.0.4280.67 Safari/537.36",DIRECT_VISIT,FALSE,NA
Stopped_Voting_Or_Skipping,NA,48080091,6216637,19605,1148197,R1.1 - Gobernanza basada en <em>blockchain</em> para toma de decisiones transparente ante la pobreza,1148198,"R1.2 - Medición realista, objetiva y universal del nivel de pobreza, guiada por <em>Big Data</em>",43053921,NA,2020-11-30 11:29:43 UTC,2020-11-30 11:29:43 UTC,NA,"",TRUE,0aa54b58ff954d10e475dafbb024c279,ODS1,"Mozilla/5.0 (Windows NT 10.0; Win64; x64) AppleWebKit/537.36 (KHTML, like Gecko) Chrome/87.0.4280.66 Safari/537.36",DIRECT_VISIT,FALSE,NA
Skip,2657393,48081235,6216663,19605,1148197,R1.1 - Gobernanza basada en <em>blockchain</em> para toma de decisiones transparente ante la pobreza,1148198,"R1.2 - Medición realista, objetiva y universal del nivel de pobreza, guiada por <em>Big Data</em>",43053921,dont_know_both,2020-11-30 11:38:28 UTC,2020-11-30 11:38:28 UTC,26.197,"",TRUE,9d30c512b60478107182e635da864fc9,ODS1,"Mozilla/5.0 (Windows NT 10.0; Win64; x64) AppleWebKit/537.36 (KHTML, like Gecko) Chrome/87.0.4280.66 Safari/537.36",DIRECT_VISIT,FALSE,NA
Stopped_Voting_Or_Skipping,NA,48081303,6216663,19605,1148198,"R1.2 - Medición realista, objetiva y universal del nivel de pobreza, guiada por <em>Big Data</em>",1148199,R1.3 - Automatización comprometida con la seguridad económica del trabajador y amparada por educación e innovación,43053918,NA,2020-11-30 11:38:48 UTC,2020-11-30 11:38:48 UTC,NA,"",TRUE,9d30c512b60478107182e635da864fc9,ODS1,"Mozilla/5.0 (Windows NT 10.0; Win64; x64) AppleWebKit/537.36 (KHTML, like Gecko) Chrome/87.0.4280.66 Safari/537.36",DIRECT_VISIT,FALSE,NA
Bounce,NA,48103870,6217366,19605,1148198,"R1.2 - Medición realista, objetiva y universal del nivel de pobreza, guiada por <em>Big Data</em>",1148197,R1.1 - Gobernanza basada en <em>blockchain</em> para toma de decisiones transparente ante la pobreza,43053917,NA,2020-11-30 18:42:26 UTC,2020-11-30 18:42:26 UTC,NA,"",TRUE,a4823ac651c8ade23724f313d4d1863e,ODS1,"Mozilla/5.0 (Macintosh; Intel Mac OS X 10_15_0) AppleWebKit/537.36 (KHTML, like Gecko) Chrome/87.0.4280.67 Safari/537.36",REFERRER_NOT_FOUND,FALSE,NA
Stopped_Voting_Or_Skipping,NA,48107391,6217556,19605,1148197,R1.1 - Gobernanza basada en <em>blockchain</em> para toma de decisiones transparente ante la pobreza,1148199,R1.3 - Automatización comprometida con la seguridad económica del trabajador y amparada por educación e innovación,43053920,NA,2020-11-30 20:58:44 UTC,2020-11-30 20:58:44 UTC,NA,"",TRUE,4cade632710eca3388ea0cb803045a61,ODS1,"Mozilla/5.0 (Windows NT 10.0; Win64; x64) AppleWebKit/537.36 (KHTML, like Gecko) Chrome/87.0.4280.66 Safari/537.36",DIRECT_VISIT,FALSE,NA
Stopped_Voting_Or_Skipping,NA,48147882,6218996,19605,1148199,R1.3 - Automatización comprometida con la seguridad económica del trabajador y amparada por educación e innovación,1148197,R1.1 - Gobernanza basada en <em>blockchain</em> para toma de decisiones transparente ante la pobreza,43053919,NA,2020-12-01 09:00:12 UTC,2020-12-01 09:00:12 UTC,NA,"",TRUE,81eb923c1789bc1ee1ec71b99b78b917,ODS1,Mozilla/5.0 (X11; Ubuntu; Linux x86_64; rv:83.0) Gecko/20100101 Firefox/83.0,DIRECT_VISIT,FALSE,NA
Stopped_Voting_Or_Skipping,NA,48148448,6219041,19605,1148199,R1.3 - Automatización comprometida con la seguridad económica del trabajador y amparada por educación e innovación,1148198,"R1.2 - Medición realista, objetiva y universal del nivel de pobreza, guiada por <em>Big Data</em>",43053922,NA,2020-12-01 09:22:04 UTC,2020-12-01 09:22:04 UTC,NA,"",TRUE,23f4f641f6293baab3f5376afeb728dc,ODS1,"Mozilla/5.0 (X11; Linux x86_64) AppleWebKit/537.36 (KHTML, like Gecko) Chrome/77.0.3865.120 Safari/537.36",DIRECT_VISIT,FALSE,NA
Stopped_Voting_Or_Skipping,NA,48149932,6219118,19605,1148199,R1.3 - Automatización comprometida con la seguridad económica del trabajador y amparada por educación e innovación,1148198,"R1.2 - Medición realista, objetiva y universal del nivel de pobreza, guiada por <em>Big Data</em>",43053922,NA,2020-12-01 10:32:09 UTC,2020-12-01 10:32:09 UTC,NA,"",TRUE,6076c50d356a21f99e98441a4fb06663,ODS1,"Mozilla/5.0 (Windows NT 6.1) AppleWebKit/537.36 (KHTML, like Gecko) Chrome/85.0.4183.121 Safari/537.36",DIRECT_VISIT,FALSE,NA
Skip,2658878,48150150,6219136,19605,1148197,R1.1 - Gobernanza basada en <em>blockchain</em> para toma de decisiones transparente ante la pobreza,1148198,"R1.2 - Medición realista, objetiva y universal del nivel de pobreza, guiada por <em>Big Data</em>",43053921,dont_know_both,2020-12-01 10:40:16 UTC,2020-12-01 10:40:16 UTC,60.328,"",TRUE,797e73b5c8566a6d9d3bc9c26fd2febb,ODS1,"Mozilla/5.0 (Macintosh; Intel Mac OS X 10_15_6) AppleWebKit/605.1.15 (KHTML, like Gecko) Version/14.0.1 Safari/605.1.15",DIRECT_VISIT,FALSE,NA
Skip,2658879,48150165,6219136,19605,1148198,"R1.2 - Medición realista, objetiva y universal del nivel de pobreza, guiada por <em>Big Data</em>",1148197,R1.1 - Gobernanza basada en <em>blockchain</em> para toma de decisiones transparente ante la pobreza,43053917,dont_know_both,2020-12-01 10:40:36 UTC,2020-12-01 10:40:36 UTC,19.806,"",TRUE,797e73b5c8566a6d9d3bc9c26fd2febb,ODS1,"Mozilla/5.0 (Macintosh; Intel Mac OS X 10_15_6) AppleWebKit/605.1.15 (KHTML, like Gecko) Version/14.0.1 Safari/605.1.15",DIRECT_VISIT,FALSE,NA
Skip,2658880,48150177,6219136,19605,1148197,R1.1 - Gobernanza basada en <em>blockchain</em> para toma de decisiones transparente ante la pobreza,1148198,"R1.2 - Medición realista, objetiva y universal del nivel de pobreza, guiada por <em>Big Data</em>",43053921,dont_know_both,2020-12-01 10:40:59 UTC,2020-12-01 10:40:59 UTC,5.211,"",TRUE,797e73b5c8566a6d9d3bc9c26fd2febb,ODS1,"Mozilla/5.0 (Macintosh; Intel Mac OS X 10_15_6) AppleWebKit/605.1.15 (KHTML, like Gecko) Version/14.0.1 Safari/605.1.15",DIRECT_VISIT,FALSE,NA
Skip,2658881,48150179,6219136,19605,1148197,R1.1 - Gobernanza basada en <em>blockchain</em> para toma de decisiones transparente ante la pobreza,1148198,"R1.2 - Medición realista, objetiva y universal del nivel de pobreza, guiada por <em>Big Data</em>",43053921,dont_know_both,2020-12-01 10:41:04 UTC,2020-12-01 10:41:04 UTC,4.541,"",TRUE,797e73b5c8566a6d9d3bc9c26fd2febb,ODS1,"Mozilla/5.0 (Macintosh; Intel Mac OS X 10_15_6) AppleWebKit/605.1.15 (KHTML, like Gecko) Version/14.0.1 Safari/605.1.15",DIRECT_VISIT,FALSE,NA
Skip,2658883,48150183,6219136,19605,1148198,"R1.2 - Medición realista, objetiva y universal del nivel de pobreza, guiada por <em>Big Data</em>",1148197,R1.1 - Gobernanza basada en <em>blockchain</em> para toma de decisiones transparente ante la pobreza,43053917,dont_know_both,2020-12-01 10:41:15 UTC,2020-12-01 10:41:15 UTC,5.437,"",TRUE,797e73b5c8566a6d9d3bc9c26fd2febb,ODS1,"Mozilla/5.0 (Macintosh; Intel Mac OS X 10_15_6) AppleWebKit/605.1.15 (KHTML, like Gecko) Version/14.0.1 Safari/605.1.15",DIRECT_VISIT,FALSE,NA
Stopped_Voting_Or_Skipping,NA,48150184,6219136,19605,1148198,"R1.2 - Medición realista, objetiva y universal del nivel de pobreza, guiada por <em>Big Data</em>",1148197,R1.1 - Gobernanza basada en <em>blockchain</em> para toma de decisiones transparente ante la pobreza,43053917,NA,2020-12-01 10:41:15 UTC,2020-12-01 10:41:15 UTC,NA,"",TRUE,797e73b5c8566a6d9d3bc9c26fd2febb,ODS1,"Mozilla/5.0 (Macintosh; Intel Mac OS X 10_15_6) AppleWebKit/605.1.15 (KHTML, like Gecko) Version/14.0.1 Safari/605.1.15",DIRECT_VISIT,FALSE,NA
Stopped_Voting_Or_Skipping,NA,48150669,6219173,19605,1148197,R1.1 - Gobernanza basada en <em>blockchain</em> para toma de decisiones transparente ante la pobreza,1148198,"R1.2 - Medición realista, objetiva y universal del nivel de pobreza, guiada por <em>Big Data</em>",43053921,NA,2020-12-01 11:14:49 UTC,2020-12-01 11:14:49 UTC,NA,"",TRUE,3e1b6cd8eb3376058ac088e3c6042f0e,ODS1,"Mozilla/5.0 (Windows NT 10.0; Win64; x64) AppleWebKit/537.36 (KHTML, like Gecko) Chrome/86.0.4240.183 Safari/537.36 OPR/72.0.3815.320",http://dasci.es/ia4ods/inter-ods-1.html,FALSE,NA
Stopped_Voting_Or_Skipping,NA,48150732,6219179,19605,1148198,"R1.2 - Medición realista, objetiva y universal del nivel de pobreza, guiada por <em>Big Data</em>",1148199,R1.3 - Automatización comprometida con la seguridad económica del trabajador y amparada por educación e innovación,43053918,NA,2020-12-01 11:26:37 UTC,2020-12-01 11:26:37 UTC,NA,"",TRUE,eed79f6a97a57affe85a07af0db31967,ODS1,Mozilla/5.0 (Windows NT 10.0; Win64; x64; rv:83.0) Gecko/20100101 Firefox/83.0,DIRECT_VISIT,FALSE,NA
Skip,2658909,48151260,6219225,19605,1148197,R1.1 - Gobernanza basada en <em>blockchain</em> para toma de decisiones transparente ante la pobreza,1148198,"R1.2 - Medición realista, objetiva y universal del nivel de pobreza, guiada por <em>Big Data</em>",43053921,both_same,2020-12-01 12:59:16 UTC,2020-12-01 12:59:16 UTC,8.934,"",TRUE,1f244b28bdd3f5356243d0813876059d,ODS1,"Mozilla/5.0 (Windows NT 6.1) AppleWebKit/537.36 (KHTML, like Gecko) Chrome/85.0.4183.121 Safari/537.36",DIRECT_VISIT,FALSE,NA
Stopped_Voting_Or_Skipping,NA,48151261,6219225,19605,1148198,"R1.2 - Medición realista, objetiva y universal del nivel de pobreza, guiada por <em>Big Data</em>",1148197,R1.1 - Gobernanza basada en <em>blockchain</em> para toma de decisiones transparente ante la pobreza,43053917,NA,2020-12-01 12:59:16 UTC,2020-12-01 12:59:16 UTC,NA,"",TRUE,1f244b28bdd3f5356243d0813876059d,ODS1,"Mozilla/5.0 (Windows NT 6.1) AppleWebKit/537.36 (KHTML, like Gecko) Chrome/85.0.4183.121 Safari/537.36",DIRECT_VISIT,FALSE,NA
Stopped_Voting_Or_Skipping,NA,48151412,6219235,19605,1148197,R1.1 - Gobernanza basada en <em>blockchain</em> para toma de decisiones transparente ante la pobreza,1148199,R1.3 - Automatización comprometida con la seguridad económica del trabajador y amparada por educación e innovación,43053920,NA,2020-12-01 13:23:34 UTC,2020-12-01 13:23:34 UTC,NA,"",TRUE,86d86ee1f544a9cd5a6ce3a8dfe05fa0,ODS1,Mozilla/5.0 (X11; Linux x86_64; rv:78.0) Gecko/20100101 Firefox/78.0,DIRECT_VISIT,FALSE,NA
Skip,2658957,48152758,6219300,19605,1148199,R1.3 - Automatización comprometida con la seguridad económica del trabajador y amparada por educación e innovación,1148197,R1.1 - Gobernanza basada en <em>blockchain</em> para toma de decisiones transparente ante la pobreza,43053919,dont_know_both,2020-12-01 14:56:26 UTC,2020-12-01 14:56:26 UTC,19.266,"",TRUE,2b1a8d9862401128bd9738bf5af2870f,ODS1,"Mozilla/5.0 (Windows NT 6.1) AppleWebKit/537.36 (KHTML, like Gecko) Chrome/85.0.4183.121 Safari/537.36",DIRECT_VISIT,FALSE,NA
Stopped_Voting_Or_Skipping,NA,48152759,6219300,19605,1148198,"R1.2 - Medición realista, objetiva y universal del nivel de pobreza, guiada por <em>Big Data</em>",1148197,R1.1 - Gobernanza basada en <em>blockchain</em> para toma de decisiones transparente ante la pobreza,43053917,NA,2020-12-01 14:56:26 UTC,2020-12-01 14:56:26 UTC,NA,"",TRUE,2b1a8d9862401128bd9738bf5af2870f,ODS1,"Mozilla/5.0 (Windows NT 6.1) AppleWebKit/537.36 (KHTML, like Gecko) Chrome/85.0.4183.121 Safari/537.36",DIRECT_VISIT,FALSE,NA
Bounce,NA,48154737,6219408,19605,1148197,R1.1 - Gobernanza basada en <em>blockchain</em> para toma de decisiones transparente ante la pobreza,1148198,"R1.2 - Medición realista, objetiva y universal del nivel de pobreza, guiada por <em>Big Data</em>",43053921,NA,2020-12-01 17:10:50 UTC,2020-12-01 17:10:50 UTC,NA,"",TRUE,86d86ee1f544a9cd5a6ce3a8dfe05fa0,ODS1,Mozilla/5.0 (X11; Linux x86_64; rv:78.0) Gecko/20100101 Firefox/78.0,REFERRER_NOT_FOUND,FALSE,NA
Bounce,NA,48161275,6219826,19605,1148198,"R1.2 - Medición realista, objetiva y universal del nivel de pobreza, guiada por <em>Big Data</em>",1148197,R1.1 - Gobernanza basada en <em>blockchain</em> para toma de decisiones transparente ante la pobreza,43053917,NA,2020-12-02 02:08:51 UTC,2020-12-02 02:08:51 UTC,NA,"",TRUE,50364fa0293d9837673720f4b058242e,ODS1,Mozilla/5.0 ((Windows; U; Windows NT 6.1; fr; rv:1.9.2) Gecko/20100115 Firefox/3.6),REFERRER_NOT_FOUND,FALSE,NA
Bounce,NA,48163373,6219990,19605,1148197,R1.1 - Gobernanza basada en <em>blockchain</em> para toma de decisiones transparente ante la pobreza,1148199,R1.3 - Automatización comprometida con la seguridad económica del trabajador y amparada por educación e innovación,43053920,NA,2020-12-02 07:38:09 UTC,2020-12-02 07:38:09 UTC,NA,"",TRUE,b53150a67d3ff4c1134ab165d3d5ac09,ODS1,"Mozilla/5.0 (Windows NT 10.0; Win64; x64) AppleWebKit/537.36 (KHTML, like Gecko) Chrome/86.0.4240.198 Safari/537.36",REFERRER_NOT_FOUND,FALSE,NA
Bounce,NA,48164731,6220093,19605,1148199,R1.3 - Automatización comprometida con la seguridad económica del trabajador y amparada por educación e innovación,1148198,"R1.2 - Medición realista, objetiva y universal del nivel de pobreza, guiada por <em>Big Data</em>",43053922,NA,2020-12-02 11:24:30 UTC,2020-12-02 11:24:30 UTC,NA,"",TRUE,823247f9b1de4fe6b6db0a686cf91bc3,ODS1,"Mozilla/5.0 (Windows NT 6.1) AppleWebKit/537.36 (KHTML, like Gecko) Chrome/85.0.4183.121 Safari/537.36",REFERRER_NOT_FOUND,FALSE,NA
Stopped_Voting_Or_Skipping,NA,48167770,6220309,19605,1148199,R1.3 - Automatización comprometida con la seguridad económica del trabajador y amparada por educación e innovación,1148198,"R1.2 - Medición realista, objetiva y universal del nivel de pobreza, guiada por <em>Big Data</em>",43053922,NA,2020-12-02 16:57:49 UTC,2020-12-02 16:57:49 UTC,NA,"",TRUE,c2b343447212aefb8b9d2448832663d3,ODS1,"Mozilla/5.0 (Windows NT 10.0; Win64; x64) AppleWebKit/537.36 (KHTML, like Gecko) Chrome/86.0.4240.198 Safari/537.36",http://allourideas.org/ODS1?locale=es,FALSE,NA
Stopped_Voting_Or_Skipping,NA,48300000,6222752,19605,1148199,R1.3 - Automatización comprometida con la seguridad económica del trabajador y amparada por educación e innovación,1148197,R1.1 - Gobernanza basada en <em>blockchain</em> para toma de decisiones transparente ante la pobreza,43053919,NA,2020-12-03 22:27:23 UTC,2020-12-03 22:27:23 UTC,NA,"",TRUE,684544c69827607599af7d84065467df,ODS1,"Mozilla/5.0 (Windows NT 10.0; Win64; x64) AppleWebKit/537.36 (KHTML, like Gecko) Chrome/87.0.4280.66 Safari/537.36",DIRECT_VISIT,FALSE,NA
Bounce,NA,48329462,6223540,19605,1148199,R1.3 - Automatización comprometida con la seguridad económica del trabajador y amparada por educación e innovación,1148198,"R1.2 - Medición realista, objetiva y universal del nivel de pobreza, guiada por <em>Big Data</em>",43053922,NA,2020-12-04 09:12:20 UTC,2020-12-04 09:12:20 UTC,NA,"",TRUE,5f75b281123fb72304432341f935acbe,ODS1,"Mozilla/5.0 (Macintosh; Intel Mac OS X 10_15_1) AppleWebKit/537.36 (KHTML, like Gecko) Chrome/86.0.4240.198 Safari/537.36",REFERRER_NOT_FOUND,FALSE,NA
Skip,2662885,48329687,6223554,19605,1148197,R1.1 - Gobernanza basada en <em>blockchain</em> para toma de decisiones transparente ante la pobreza,1148199,R1.3 - Automatización comprometida con la seguridad económica del trabajador y amparada por educación e innovación,43053920,both_same,2020-12-04 09:38:07 UTC,2020-12-04 09:38:07 UTC,7.128,"",TRUE,5f75b281123fb72304432341f935acbe,ODS1,"Mozilla/5.0 (Macintosh; Intel Mac OS X 10_15_1) AppleWebKit/537.36 (KHTML, like Gecko) Chrome/86.0.4240.198 Safari/537.36",DIRECT_VISIT,FALSE,NA
Stopped_Voting_Or_Skipping,NA,48329702,6223554,19605,1148199,R1.3 - Automatización comprometida con la seguridad económica del trabajador y amparada por educación e innovación,1148198,"R1.2 - Medición realista, objetiva y universal del nivel de pobreza, guiada por <em>Big Data</em>",43053922,NA,2020-12-04 09:38:36 UTC,2020-12-04 09:38:36 UTC,NA,"",TRUE,5f75b281123fb72304432341f935acbe,ODS1,"Mozilla/5.0 (Macintosh; Intel Mac OS X 10_15_1) AppleWebKit/537.36 (KHTML, like Gecko) Chrome/86.0.4240.198 Safari/537.36",DIRECT_VISIT,FALSE,NA
Stopped_Voting_Or_Skipping,NA,48440059,6227498,19605,1148198,"R1.2 - Medición realista, objetiva y universal del nivel de pobreza, guiada por <em>Big Data</em>",1148199,R1.3 - Automatización comprometida con la seguridad económica del trabajador y amparada por educación e innovación,43053918,NA,2020-12-06 10:45:33 UTC,2020-12-06 10:45:33 UTC,NA,"",TRUE,e9984f2ab25577ea7842716ae3a50281,ODS1,Mozilla/5.0 (Windows NT 10.0; Win64; x64; rv:83.0) Gecko/20100101 Firefox/83.0,http://dasci.es/ia4ods/inter-ods-1.html,FALSE,NA
Stopped_Voting_Or_Skipping,NA,48461817,6228703,19605,1148198,"R1.2 - Medición realista, objetiva y universal del nivel de pobreza, guiada por <em>Big Data</em>",1148199,R1.3 - Automatización comprometida con la seguridad económica del trabajador y amparada por educación e innovación,43053918,NA,2020-12-08 15:15:54 UTC,2020-12-08 15:15:54 UTC,NA,"",TRUE,e0aecf3a21e21d9101cf5bb15ed40013,ODS1,"Mozilla/5.0 (iPhone; CPU iPhone OS 13_7 like Mac OS X) AppleWebKit/605.1.15 (KHTML, like Gecko) Version/13.1.2 Mobile/15E148 Safari/604.1",DIRECT_VISIT,FALSE,NA
Bounce,NA,48461820,6228711,19605,1148197,R1.1 - Gobernanza basada en <em>blockchain</em> para toma de decisiones transparente ante la pobreza,1148198,"R1.2 - Medición realista, objetiva y universal del nivel de pobreza, guiada por <em>Big Data</em>",43053921,NA,2020-12-08 15:16:35 UTC,2020-12-08 15:16:35 UTC,NA,"",TRUE,e0aecf3a21e21d9101cf5bb15ed40013,ODS1,"Mozilla/5.0 (iPhone; CPU iPhone OS 13_7 like Mac OS X) AppleWebKit/605.1.15 (KHTML, like Gecko) Version/13.1.2 Mobile/15E148 Safari/604.1",REFERRER_NOT_FOUND,FALSE,NA
Bounce,NA,48462059,6228737,19605,1148198,"R1.2 - Medición realista, objetiva y universal del nivel de pobreza, guiada por <em>Big Data</em>",1148199,R1.3 - Automatización comprometida con la seguridad económica del trabajador y amparada por educación e innovación,43053918,NA,2020-12-08 15:48:01 UTC,2020-12-08 15:48:01 UTC,NA,"",TRUE,39dcc08bb4c774db402048062769e864,ODS1,"Mozilla/5.0 (Windows NT 6.1; Win64; x64) AppleWebKit/537.36 (KHTML, like Gecko) Chrome/83.0.4103.61 Safari/537.36",REFERRER_NOT_FOUND,FALSE,NA
Bounce,NA,48462061,6228738,19605,1148197,R1.1 - Gobernanza basada en <em>blockchain</em> para toma de decisiones transparente ante la pobreza,1148199,R1.3 - Automatización comprometida con la seguridad económica del trabajador y amparada por educación e innovación,43053920,NA,2020-12-08 15:48:03 UTC,2020-12-08 15:48:03 UTC,NA,"",TRUE,c15badaa83b795c8ef75534cacfac66b,ODS1,"Mozilla/5.0 (Windows NT 6.1; Win64; x64) AppleWebKit/537.36 (KHTML, like Gecko) Chrome/83.0.4103.61 Safari/537.36",REFERRER_NOT_FOUND,FALSE,NA
Bounce,NA,48462064,6228740,19605,1148197,R1.1 - Gobernanza basada en <em>blockchain</em> para toma de decisiones transparente ante la pobreza,1148198,"R1.2 - Medición realista, objetiva y universal del nivel de pobreza, guiada por <em>Big Data</em>",43053921,NA,2020-12-08 15:48:04 UTC,2020-12-08 15:48:04 UTC,NA,"",TRUE,39dcc08bb4c774db402048062769e864,ODS1,"Mozilla/5.0 (Windows NT 10.0; Win64; x64) AppleWebKit/537.36 (KHTML, like Gecko) Chrome/79.0.3945.79 Safari/537.36",REFERRER_NOT_FOUND,FALSE,NA
Bounce,NA,48462066,6228741,19605,1148199,R1.3 - Automatización comprometida con la seguridad económica del trabajador y amparada por educación e innovación,1148197,R1.1 - Gobernanza basada en <em>blockchain</em> para toma de decisiones transparente ante la pobreza,43053919,NA,2020-12-08 15:48:06 UTC,2020-12-08 15:48:06 UTC,NA,"",TRUE,c15badaa83b795c8ef75534cacfac66b,ODS1,"Mozilla/5.0 (Windows NT 10.0; Win64; x64) AppleWebKit/537.36 (KHTML, like Gecko) Chrome/79.0.3945.79 Safari/537.36",REFERRER_NOT_FOUND,FALSE,NA
Bounce,NA,48462159,6228745,19605,1148197,R1.1 - Gobernanza basada en <em>blockchain</em> para toma de decisiones transparente ante la pobreza,1148198,"R1.2 - Medición realista, objetiva y universal del nivel de pobreza, guiada por <em>Big Data</em>",43053921,NA,2020-12-08 15:55:28 UTC,2020-12-08 15:55:28 UTC,NA,"",TRUE,21dbcbaedbb75e40190c73c3aec90693,ODS1,Mozilla/4.0 (compatible; MSIE 8.0; Windows NT 5.1; Trident/4.0),DIRECT_VISIT,FALSE,NA
Bounce,NA,48462163,6228746,19605,1148198,"R1.2 - Medición realista, objetiva y universal del nivel de pobreza, guiada por <em>Big Data</em>",1148199,R1.3 - Automatización comprometida con la seguridad económica del trabajador y amparada por educación e innovación,43053918,NA,2020-12-08 15:55:48 UTC,2020-12-08 15:55:48 UTC,NA,"",TRUE,21dbcbaedbb75e40190c73c3aec90693,ODS1,Mozilla/5.0 (compatible; MSIE 9.0; Windows NT 6.1; Trident/5.0),REFERRER_NOT_FOUND,FALSE,NA
Bounce,NA,48462166,6228747,19605,1148198,"R1.2 - Medición realista, objetiva y universal del nivel de pobreza, guiada por <em>Big Data</em>",1148199,R1.3 - Automatización comprometida con la seguridad económica del trabajador y amparada por educación e innovación,43053918,NA,2020-12-08 15:56:07 UTC,2020-12-08 15:56:07 UTC,NA,"",TRUE,21dbcbaedbb75e40190c73c3aec90693,ODS1,Mozilla/4.0 (compatible; MSIE 8.0; Windows NT 5.1; Trident/4.0),REFERRER_NOT_FOUND,FALSE,NA
Bounce,NA,48462171,6228749,19605,1148199,R1.3 - Automatización comprometida con la seguridad económica del trabajador y amparada por educación e innovación,1148197,R1.1 - Gobernanza basada en <em>blockchain</em> para toma de decisiones transparente ante la pobreza,43053919,NA,2020-12-08 15:56:58 UTC,2020-12-08 15:56:58 UTC,NA,"",TRUE,21dbcbaedbb75e40190c73c3aec90693,ODS1,Mozilla/5.0 (compatible; MSIE 9.0; Windows NT 6.1; Trident/5.0),REFERRER_NOT_FOUND,FALSE,NA
Stopped_Voting_Or_Skipping,NA,48462529,6228759,19605,1148197,R1.1 - Gobernanza basada en <em>blockchain</em> para toma de decisiones transparente ante la pobreza,1148198,"R1.2 - Medición realista, objetiva y universal del nivel de pobreza, guiada por <em>Big Data</em>",43053921,NA,2020-12-08 16:21:44 UTC,2020-12-08 16:21:44 UTC,NA,"",TRUE,86902f052612f90fb9b49b73179cb481,ODS1,Mozilla/5.0 (Windows NT 10.0; Win64; x64; rv:83.0) Gecko/20100101 Firefox/83.0,DIRECT_VISIT,FALSE,NA
Stopped_Voting_Or_Skipping,NA,48462674,6228779,19605,1148197,R1.1 - Gobernanza basada en <em>blockchain</em> para toma de decisiones transparente ante la pobreza,1148199,R1.3 - Automatización comprometida con la seguridad económica del trabajador y amparada por educación e innovación,43053920,NA,2020-12-08 16:54:38 UTC,2020-12-08 16:54:38 UTC,NA,"",TRUE,63890affae368ec8e6badcfa1efbc7f9,ODS1,"Mozilla/5.0 (Windows NT 10.0; Win64; x64) AppleWebKit/537.36 (KHTML, like Gecko) Chrome/87.0.4280.88 Safari/537.36",DIRECT_VISIT,FALSE,NA
Stopped_Voting_Or_Skipping,NA,48462753,6228781,19605,1148199,R1.3 - Automatización comprometida con la seguridad económica del trabajador y amparada por educación e innovación,1148198,"R1.2 - Medición realista, objetiva y universal del nivel de pobreza, guiada por <em>Big Data</em>",43053922,NA,2020-12-08 16:59:50 UTC,2020-12-08 16:59:50 UTC,NA,"",TRUE,63890affae368ec8e6badcfa1efbc7f9,ODS1,"Mozilla/5.0 (Windows NT 6.1) AppleWebKit/537.36 (KHTML, like Gecko) Chrome/87.0.4280.88 Safari/537.36",DIRECT_VISIT,FALSE,NA
Stopped_Voting_Or_Skipping,NA,48462908,6228801,19605,1148198,"R1.2 - Medición realista, objetiva y universal del nivel de pobreza, guiada por <em>Big Data</em>",1148199,R1.3 - Automatización comprometida con la seguridad económica del trabajador y amparada por educación e innovación,43053918,NA,2020-12-08 17:05:28 UTC,2020-12-08 17:05:28 UTC,NA,"",TRUE,63890affae368ec8e6badcfa1efbc7f9,ODS1,"Mozilla/5.0 (Windows NT 10.0; Win64; x64) AppleWebKit/537.36 (KHTML, like Gecko) Chrome/87.0.4280.88 Safari/537.36",DIRECT_VISIT,FALSE,NA
Bounce,NA,48465338,6228962,19605,1148197,R1.1 - Gobernanza basada en <em>blockchain</em> para toma de decisiones transparente ante la pobreza,1148198,"R1.2 - Medición realista, objetiva y universal del nivel de pobreza, guiada por <em>Big Data</em>",43053921,NA,2020-12-08 20:52:18 UTC,2020-12-08 20:52:18 UTC,NA,"",TRUE,0f8bde1abef539ffa42f7b6389e5afc3,ODS1,"Mozilla/5.0 (Linux; Android 10; T770H) AppleWebKit/537.36 (KHTML, like Gecko) Chrome/87.0.4280.86 Mobile Safari/537.36",DIRECT_VISIT,FALSE,NA
Skip,2670477,48465720,6229016,19605,1148198,"R1.2 - Medición realista, objetiva y universal del nivel de pobreza, guiada por <em>Big Data</em>",1148197,R1.1 - Gobernanza basada en <em>blockchain</em> para toma de decisiones transparente ante la pobreza,43053917,dislike_both,2020-12-08 22:34:49 UTC,2020-12-08 22:34:49 UTC,21.989,"",TRUE,2e332a2ccc17c15de9c51ecde1d194b8,ODS1,Mozilla/5.0 (X11; Ubuntu; Linux x86_64; rv:83.0) Gecko/20100101 Firefox/83.0,DIRECT_VISIT,FALSE,NA
Skip,2670478,48465722,6229016,19605,1148197,R1.1 - Gobernanza basada en <em>blockchain</em> para toma de decisiones transparente ante la pobreza,1148198,"R1.2 - Medición realista, objetiva y universal del nivel de pobreza, guiada por <em>Big Data</em>",43053921,dislike_both,2020-12-08 22:34:59 UTC,2020-12-08 22:34:59 UTC,4.029,"",TRUE,2e332a2ccc17c15de9c51ecde1d194b8,ODS1,Mozilla/5.0 (X11; Ubuntu; Linux x86_64; rv:83.0) Gecko/20100101 Firefox/83.0,DIRECT_VISIT,FALSE,NA
Skip,2670479,48465724,6229016,19605,1148197,R1.1 - Gobernanza basada en <em>blockchain</em> para toma de decisiones transparente ante la pobreza,1148199,R1.3 - Automatización comprometida con la seguridad económica del trabajador y amparada por educación e innovación,43053920,dislike_both,2020-12-08 22:35:05 UTC,2020-12-08 22:35:05 UTC,3.467,"",TRUE,2e332a2ccc17c15de9c51ecde1d194b8,ODS1,Mozilla/5.0 (X11; Ubuntu; Linux x86_64; rv:83.0) Gecko/20100101 Firefox/83.0,DIRECT_VISIT,FALSE,NA
Skip,2670480,48465725,6229016,19605,1148198,"R1.2 - Medición realista, objetiva y universal del nivel de pobreza, guiada por <em>Big Data</em>",1148197,R1.1 - Gobernanza basada en <em>blockchain</em> para toma de decisiones transparente ante la pobreza,43053917,dislike_both,2020-12-08 22:35:09 UTC,2020-12-08 22:35:09 UTC,3.649,"",TRUE,2e332a2ccc17c15de9c51ecde1d194b8,ODS1,Mozilla/5.0 (X11; Ubuntu; Linux x86_64; rv:83.0) Gecko/20100101 Firefox/83.0,DIRECT_VISIT,FALSE,NA
Stopped_Voting_Or_Skipping,NA,48465726,6229016,19605,1148198,"R1.2 - Medición realista, objetiva y universal del nivel de pobreza, guiada por <em>Big Data</em>",1148197,R1.1 - Gobernanza basada en <em>blockchain</em> para toma de decisiones transparente ante la pobreza,43053917,NA,2020-12-08 22:35:09 UTC,2020-12-08 22:35:09 UTC,NA,"",TRUE,2e332a2ccc17c15de9c51ecde1d194b8,ODS1,Mozilla/5.0 (X11; Ubuntu; Linux x86_64; rv:83.0) Gecko/20100101 Firefox/83.0,DIRECT_VISIT,FALSE,NA
Stopped_Voting_Or_Skipping,NA,48465964,6229030,19605,1148197,R1.1 - Gobernanza basada en <em>blockchain</em> para toma de decisiones transparente ante la pobreza,1148198,"R1.2 - Medición realista, objetiva y universal del nivel de pobreza, guiada por <em>Big Data</em>",43053921,NA,2020-12-08 22:50:30 UTC,2020-12-08 22:50:30 UTC,NA,"",TRUE,33d45a217007cdda62c186f7761acd4e,ODS1,"Mozilla/5.0 (iPhone; CPU iPhone OS 13_6_1 like Mac OS X) AppleWebKit/605.1.15 (KHTML, like Gecko) Mobile/15E148 [LinkedInApp]",DIRECT_VISIT,FALSE,NA
Skip,2670513,48466586,6229079,19605,1148199,R1.3 - Automatización comprometida con la seguridad económica del trabajador y amparada por educación e innovación,1148198,"R1.2 - Medición realista, objetiva y universal del nivel de pobreza, guiada por <em>Big Data</em>",43053922,dont_know_both,2020-12-09 00:34:51 UTC,2020-12-09 00:34:51 UTC,322.969,"",TRUE,82cbb02665b2a8a3a3f1e0bc21210f69,ODS1,"Mozilla/5.0 (Windows NT 10.0; Win64; x64) AppleWebKit/537.36 (KHTML, like Gecko) Chrome/87.0.4280.88 Safari/537.36",DIRECT_VISIT,FALSE,NA
Stopped_Voting_Or_Skipping,NA,48466672,6229079,19605,1148199,R1.3 - Automatización comprometida con la seguridad económica del trabajador y amparada por educación e innovación,1148197,R1.1 - Gobernanza basada en <em>blockchain</em> para toma de decisiones transparente ante la pobreza,43053919,NA,2020-12-09 00:36:45 UTC,2020-12-09 00:36:45 UTC,NA,"",TRUE,82cbb02665b2a8a3a3f1e0bc21210f69,ODS1,"Mozilla/5.0 (Windows NT 10.0; Win64; x64) AppleWebKit/537.36 (KHTML, like Gecko) Chrome/87.0.4280.88 Safari/537.36",DIRECT_VISIT,FALSE,NA
Stopped_Voting_Or_Skipping,NA,48471260,6229489,19605,1148198,"R1.2 - Medición realista, objetiva y universal del nivel de pobreza, guiada por <em>Big Data</em>",1148197,R1.1 - Gobernanza basada en <em>blockchain</em> para toma de decisiones transparente ante la pobreza,43053917,NA,2020-12-09 09:36:25 UTC,2020-12-09 09:36:25 UTC,NA,"",TRUE,c53cf41b07fe2d2557f12e24d91c2255,ODS1,"Mozilla/5.0 (Windows NT 10.0; Win64; x64) AppleWebKit/537.36 (KHTML, like Gecko) Chrome/87.0.4280.88 Safari/537.36",DIRECT_VISIT,FALSE,NA
Bounce,NA,48474671,6229680,19605,1148199,R1.3 - Automatización comprometida con la seguridad económica del trabajador y amparada por educación e innovación,1148197,R1.1 - Gobernanza basada en <em>blockchain</em> para toma de decisiones transparente ante la pobreza,43053919,NA,2020-12-09 14:53:12 UTC,2020-12-09 14:53:12 UTC,NA,"",TRUE,9c6135d4c60837b97e5c40ab014d07ed,ODS1,"Mozilla/5.0 (Windows NT 10.0; Win64; x64) AppleWebKit/537.36 (KHTML, like Gecko) Chrome/87.0.4280.88 Safari/537.36",REFERRER_NOT_FOUND,FALSE,NA
Stopped_Voting_Or_Skipping,NA,48502662,6231732,19605,1148199,R1.3 - Automatización comprometida con la seguridad económica del trabajador y amparada por educación e innovación,1148198,"R1.2 - Medición realista, objetiva y universal del nivel de pobreza, guiada por <em>Big Data</em>",43053922,NA,2020-12-11 16:17:53 UTC,2020-12-11 16:17:53 UTC,NA,"",TRUE,e9b97b88fe9c60dc2f015bb3c9bc1d10,ODS1,"Mozilla/5.0 (Windows NT 10.0; Win64; x64) AppleWebKit/537.36 (KHTML, like Gecko) Chrome/87.0.4280.88 Safari/537.36",DIRECT_VISIT,FALSE,NA
Stopped_Voting_Or_Skipping,NA,48740514,6242534,19605,1148199,R1.3 - Automatización comprometida con la seguridad económica del trabajador y amparada por educación e innovación,1148197,R1.1 - Gobernanza basada en <em>blockchain</em> para toma de decisiones transparente ante la pobreza,43053919,NA,2020-12-17 13:34:48 UTC,2020-12-17 13:34:48 UTC,NA,"",TRUE,9b4d13cfc2b3caa1f4a4e027ddbe0346,ODS1,"Mozilla/5.0 (Windows NT 6.3; Win64; x64) AppleWebKit/537.36 (KHTML, like Gecko) Chrome/87.0.4280.88 Safari/537.36",DIRECT_VISIT,FALSE,NA
Bounce,NA,48817452,6246801,19605,1148199,R1.3 - Automatización comprometida con la seguridad económica del trabajador y amparada por educación e innovación,1148197,R1.1 - Gobernanza basada en <em>blockchain</em> para toma de decisiones transparente ante la pobreza,43053919,NA,2020-12-26 09:46:42 UTC,2020-12-26 09:46:42 UTC,NA,"",TRUE,5896c2185dc5383daa53953e95a26737,ODS1,"Mozilla/5.0 (Windows NT 10.0; Win64; x64) AppleWebKit/537.36 (KHTML, like Gecko) Chrome/87.0.4280.88 Safari/537.36",REFERRER_NOT_FOUND,FALSE,NA
Bounce,NA,48861665,6250332,19605,1148197,R1.1 - Gobernanza basada en <em>blockchain</em> para toma de decisiones transparente ante la pobreza,1148199,R1.3 - Automatización comprometida con la seguridad económica del trabajador y amparada por educación e innovación,43053920,NA,2021-01-04 11:50:27 UTC,2021-01-04 11:50:27 UTC,NA,"",TRUE,be623fd537a3c2894e89929a4e7a1346,ODS1,"Mozilla/5.0 (Windows NT 10.0; Win64; x64) AppleWebKit/537.36 (KHTML, like Gecko) Chrome/87.0.4280.88 Safari/537.36",REFERRER_NOT_FOUND,FALSE,NA
Bounce,NA,48861808,6250358,19605,1148197,R1.1 - Gobernanza basada en <em>blockchain</em> para toma de decisiones transparente ante la pobreza,1148199,R1.3 - Automatización comprometida con la seguridad económica del trabajador y amparada por educación e innovación,43053920,NA,2021-01-04 12:15:23 UTC,2021-01-04 12:15:23 UTC,NA,"",TRUE,b8f65f057ecf20bb9ebf89a25426a759,ODS1,Mozilla/5.0 (Windows NT 10.0; WOW64; Trident/7.0; rv:11.0) like Gecko,REFERRER_NOT_FOUND,FALSE,NA
Stopped_Voting_Or_Skipping,NA,48861959,6250359,19605,1148198,"R1.2 - Medición realista, objetiva y universal del nivel de pobreza, guiada por <em>Big Data</em>",1148199,R1.3 - Automatización comprometida con la seguridad económica del trabajador y amparada por educación e innovación,43053918,NA,2021-01-04 12:19:39 UTC,2021-01-04 12:19:39 UTC,NA,"",TRUE,b8f65f057ecf20bb9ebf89a25426a759,ODS1,"Mozilla/5.0 (Windows NT 10.0; Win64; x64) AppleWebKit/537.36 (KHTML, like Gecko) Chrome/87.0.4280.66 Safari/537.36",DIRECT_VISIT,FALSE,NA
Stopped_Voting_Or_Skipping,NA,48861962,6250377,19605,1148197,R1.1 - Gobernanza basada en <em>blockchain</em> para toma de decisiones transparente ante la pobreza,1148198,"R1.2 - Medición realista, objetiva y universal del nivel de pobreza, guiada por <em>Big Data</em>",43053921,NA,2021-01-04 12:19:41 UTC,2021-01-04 12:19:41 UTC,NA,"",TRUE,0ee51b007e767bec592dbd75aa65dc17,ODS1,"Mozilla/5.0 (Windows NT 10.0; Win64; x64) AppleWebKit/537.36 (KHTML, like Gecko) Chrome/87.0.4280.88 Safari/537.36",DIRECT_VISIT,FALSE,NA
Bounce,NA,48862194,6250387,19605,1148199,R1.3 - Automatización comprometida con la seguridad económica del trabajador y amparada por educación e innovación,1148197,R1.1 - Gobernanza basada en <em>blockchain</em> para toma de decisiones transparente ante la pobreza,43053919,NA,2021-01-04 12:29:25 UTC,2021-01-04 12:29:25 UTC,NA,"",TRUE,3b3d03d1b33b31a338bf0de1abc7aede,ODS1,"Mozilla/5.0 (Macintosh; Intel Mac OS X 10_15_7) AppleWebKit/537.36 (KHTML, like Gecko) Chrome/87.0.4280.88 Safari/537.36",REFERRER_NOT_FOUND,FALSE,NA
Skip,2692672,48866713,6250778,19605,1148198,"R1.2 - Medición realista, objetiva y universal del nivel de pobreza, guiada por <em>Big Data</em>",1148199,R1.3 - Automatización comprometida con la seguridad económica del trabajador y amparada por educación e innovación,43053918,dont_know_right,2021-01-05 10:07:13 UTC,2021-01-05 10:07:13 UTC,18.34,"",TRUE,9adcf16ab3455eb1d5deb714e1efc8cf,ODS1,"Mozilla/5.0 (Windows NT 10.0; Win64; x64) AppleWebKit/537.36 (KHTML, like Gecko) Chrome/87.0.4280.88 Safari/537.36",DIRECT_VISIT,FALSE,NA
Stopped_Voting_Or_Skipping,NA,48866715,6250778,19605,1148197,R1.1 - Gobernanza basada en <em>blockchain</em> para toma de decisiones transparente ante la pobreza,1148199,R1.3 - Automatización comprometida con la seguridad económica del trabajador y amparada por educación e innovación,43053920,NA,2021-01-05 10:07:13 UTC,2021-01-05 10:07:13 UTC,NA,"",TRUE,9adcf16ab3455eb1d5deb714e1efc8cf,ODS1,"Mozilla/5.0 (Windows NT 10.0; Win64; x64) AppleWebKit/537.36 (KHTML, like Gecko) Chrome/87.0.4280.88 Safari/537.36",DIRECT_VISIT,FALSE,NA
Stopped_Voting_Or_Skipping,NA,48869798,6251225,19605,1148199,R1.3 - Automatización comprometida con la seguridad económica del trabajador y amparada por educación e innovación,1148198,"R1.2 - Medición realista, objetiva y universal del nivel de pobreza, guiada por <em>Big Data</em>",43053922,NA,2021-01-06 10:23:51 UTC,2021-01-06 10:23:51 UTC,NA,"",TRUE,6083ce8de9643be377fd4023dcfc0411,ODS1,"Mozilla/5.0 (X11; Linux x86_64) AppleWebKit/537.36 (KHTML, like Gecko) Chrome/87.0.4280.88 Safari/537.36",DIRECT_VISIT,FALSE,NA
Stopped_Voting_Or_Skipping,NA,48873463,6251721,19605,1148197,R1.1 - Gobernanza basada en <em>blockchain</em> para toma de decisiones transparente ante la pobreza,1148199,R1.3 - Automatización comprometida con la seguridad económica del trabajador y amparada por educación e innovación,43053920,NA,2021-01-07 17:49:03 UTC,2021-01-07 17:49:03 UTC,NA,"",TRUE,10710a9ff630cc94f2eb06db5afb877b,ODS1,"Mozilla/5.0 (Windows NT 10.0; Win64; x64) AppleWebKit/537.36 (KHTML, like Gecko) Chrome/87.0.4280.88 Safari/537.36",DIRECT_VISIT,FALSE,NA
